ID,Marital Status,Gender,Income,Children,Education,Occupation,Home Owner,Cars,Commute Distance,Region,Age,Purchased Bike,Income Band
12496,Married,Female,40000,1,Bachelors,Skilled Manual,Yes,0,0-1 Miles,Europe,42,No,Medium
24107,Married,Male,30000,3,Partial College,Clerical,Yes,1,0-1 Miles,Europe,43,No,Medium
14177,Married,Male,80000,5,Partial College,Professional,No,2,2-5 Miles,Europe,60,No,High
24381,Single,Male,70000,0,Bachelors,Professional,Yes,1,5-10 Miles,Pacific,41,Yes,High
25597,Single,Male,30000,0,Bachelors,Clerical,No,0,0-1 Miles,Europe,36,Yes,Medium
13507,Married,Female,10000,2,Partial College,Manual,Yes,0,1-2 Miles,Europe,50,No,Low
27974,Single,Male,160000,2,High School,Management,Yes,4,0-1 Miles,Pacific,33,Yes,Very High
19364,Married,Male,40000,1,Bachelors,Skilled Manual,Yes,0,0-1 Miles,Europe,43,Yes,Medium
22155,Married,Male,20000,2,Partial High School,Clerical,Yes,2,5-10 Miles,Pacific,58,No,Low
19280,Married,Male,120000,2,Partial College,Manual,Yes,1,0-1 Miles,Europe,40,Yes,Very High
22173,Married,Female,30000,3,High School,Skilled Manual,No,2,1-2 Miles,Pacific,54,Yes,Medium
12697,Single,Female,90000,0,Bachelors,Professional,No,4,10+ Miles,Pacific,36,No,High
11434,Married,Male,170000,5,Partial College,Professional,Yes,0,0-1 Miles,Europe,55,No,Very High
25323,Married,Male,40000,2,Partial College,Clerical,Yes,1,1-2 Miles,Europe,35,Yes,Medium
23542,Single,Male,60000,1,Partial College,Skilled Manual,No,1,0-1 Miles,Pacific,45,Yes,High
20870,Single,Female,10000,2,High School,Manual,Yes,1,0-1 Miles,Europe,38,Yes,Low
23316,Single,Male,30000,3,Partial College,Clerical,No,2,1-2 Miles,Pacific,59,Yes,Medium
12610,Married,Female,30000,1,Bachelors,Clerical,Yes,0,0-1 Miles,Europe,47,No,Medium
27183,Single,Male,40000,2,Partial College,Clerical,Yes,1,1-2 Miles,Europe,35,Yes,Medium
25940,Single,Male,20000,2,Partial High School,Clerical,Yes,2,5-10 Miles,Pacific,55,Yes,Low
25598,Married,Female,40000,0,Graduate Degree,Clerical,Yes,0,0-1 Miles,Europe,36,Yes,Medium
21564,Single,Female,80000,0,Bachelors,Professional,Yes,4,10+ Miles,Pacific,35,No,High
19193,Single,Male,40000,2,Partial College,Clerical,Yes,0,1-2 Miles,Europe,35,Yes,Medium
26412,Married,Female,80000,5,High School,Management,No,3,5-10 Miles,Europe,56,No,High
27184,Single,Male,40000,2,Partial College,Clerical,No,1,0-1 Miles,Europe,34,No,Medium
12590,Single,Male,30000,1,Bachelors,Clerical,Yes,0,0-1 Miles,Europe,63,No,Medium
17841,Single,Male,30000,0,Partial College,Clerical,No,1,0-1 Miles,Europe,29,Yes,Medium
18283,Single,Female,100000,0,Bachelors,Professional,No,1,5-10 Miles,Pacific,40,No,Very High
18299,Married,Male,70000,5,Partial College,Skilled Manual,Yes,2,5-10 Miles,Pacific,44,No,High
16466,Single,Female,20000,0,Partial High School,Manual,No,2,0-1 Miles,Europe,32,Yes,Low
19273,Married,Female,20000,2,Partial College,Manual,Yes,0,0-1 Miles,Europe,63,No,Low
22400,Married,Male,10000,0,Partial College,Manual,No,1,0-1 Miles,Pacific,26,Yes,Low
20942,Single,Female,20000,0,High School,Manual,No,1,5-10 Miles,Europe,31,No,Low
18484,Single,Male,80000,2,High School,Skilled Manual,No,2,1-2 Miles,Pacific,50,Yes,High
12291,Single,Male,90000,5,Partial College,Professional,No,2,2-5 Miles,Europe,62,Yes,High
28380,Single,Female,10000,5,Partial High School,Manual,No,2,0-1 Miles,Europe,41,No,Low
17891,Married,Female,10000,2,Partial College,Manual,Yes,1,0-1 Miles,Europe,50,Yes,Low
27832,Single,Female,30000,0,Partial College,Clerical,No,1,2-5 Miles,Europe,30,No,Medium
26863,Single,Male,20000,0,High School,Manual,No,1,2-5 Miles,Europe,28,No,Low
16259,Single,Female,10000,4,Partial High School,Manual,Yes,2,0-1 Miles,Europe,40,Yes,Low
27803,Single,Female,30000,2,Partial College,Clerical,No,0,0-1 Miles,Europe,43,No,Medium
14347,Single,Female,40000,2,Bachelors,Management,Yes,2,5-10 Miles,Pacific,65,Yes,Medium
17703,Married,Female,10000,1,Graduate Degree,Manual,Yes,0,0-1 Miles,Europe,40,No,Low
17185,Married,Female,170000,4,Partial College,Professional,No,3,5-10 Miles,Europe,48,Yes,Very High
29380,Married,Female,20000,3,High School,Manual,Yes,0,0-1 Miles,Europe,41,Yes,Low
23986,Married,Female,20000,1,Bachelors,Clerical,Yes,0,0-1 Miles,Europe,66,Yes,Low
24466,Married,Female,60000,1,Partial College,Skilled Manual,Yes,1,5-10 Miles,Pacific,46,Yes,High
29097,Single,Female,40000,2,Partial College,Skilled Manual,Yes,2,5-10 Miles,Pacific,52,Yes,Medium
19487,Married,Male,30000,2,Partial College,Clerical,No,2,0-1 Miles,Europe,42,No,Medium
14939,Single,Male,40000,0,Bachelors,Clerical,Yes,0,0-1 Miles,Europe,39,Yes,Medium
13826,Single,Female,30000,0,Partial College,Clerical,No,1,0-1 Miles,Europe,28,No,Medium
20619,Single,Male,80000,0,Bachelors,Professional,No,4,10+ Miles,Pacific,35,No,High
12558,Married,Female,20000,1,Bachelors,Clerical,Yes,0,0-1 Miles,Europe,65,No,Low
24871,Single,Female,90000,4,High School,Management,No,3,5-10 Miles,Europe,56,No,High
17319,Single,Female,70000,0,Bachelors,Professional,No,1,5-10 Miles,Pacific,42,No,High
28906,Married,Male,80000,4,High School,Professional,Yes,2,10+ Miles,Europe,54,No,High
12808,Married,Male,40000,0,Bachelors,Clerical,Yes,0,0-1 Miles,Europe,38,Yes,Medium
20567,Married,Male,130000,4,Partial College,Professional,No,4,5-10 Miles,Europe,61,Yes,Very High
25502,Married,Female,40000,1,Bachelors,Skilled Manual,Yes,0,0-1 Miles,Europe,43,Yes,Medium
15580,Married,Male,60000,2,Bachelors,Professional,Yes,1,2-5 Miles,Pacific,38,Yes,High
24185,Single,Female,10000,1,High School,Manual,No,1,1-2 Miles,Europe,45,No,Low
19291,Single,Female,10000,2,High School,Manual,Yes,0,0-1 Miles,Europe,35,No,Low
16713,Married,Male,40000,2,Bachelors,Management,Yes,1,0-1 Miles,Pacific,52,Yes,Medium
16185,Single,Male,60000,4,Bachelors,Professional,Yes,3,10+ Miles,Pacific,41,No,High
14927,Married,Female,30000,1,Bachelors,Clerical,Yes,0,0-1 Miles,Europe,37,Yes,Medium
29337,Single,Male,30000,2,Partial College,Clerical,Yes,2,5-10 Miles,Pacific,68,No,Medium
29355,Married,Female,40000,0,Graduate Degree,Clerical,Yes,0,0-1 Miles,Europe,37,Yes,Medium
25303,Single,Male,30000,0,High School,Manual,Yes,1,2-5 Miles,Europe,33,Yes,Medium
14813,Single,Female,20000,4,High School,Manual,Yes,1,0-1 Miles,Europe,43,Yes,Low
16438,Married,Female,10000,0,Partial High School,Manual,No,2,0-1 Miles,Europe,30,No,Low
14238,Married,Male,120000,0,Partial High School,Professional,Yes,4,10+ Miles,Pacific,36,Yes,Very High
16200,Single,Female,10000,0,Partial High School,Manual,No,2,0-1 Miles,Europe,35,No,Low
24857,Married,Female,130000,3,High School,Professional,Yes,4,0-1 Miles,Europe,52,No,Very High
26956,Single,Female,20000,0,Partial College,Manual,No,1,2-5 Miles,Europe,36,Yes,Low
14517,Married,Female,20000,3,High School,Skilled Manual,No,2,1-2 Miles,Pacific,62,No,Low
12678,Single,Female,130000,4,High School,Management,Yes,4,0-1 Miles,Pacific,31,No,Very High
16188,Single,Female,20000,0,Partial High School,Manual,No,2,1-2 Miles,Europe,26,No,Low
27969,Married,Male,80000,0,Bachelors,Professional,Yes,2,10+ Miles,Pacific,29,Yes,High
15752,Married,Male,80000,2,High School,Skilled Manual,No,2,1-2 Miles,Pacific,50,Yes,High
27745,Single,Male,40000,2,Bachelors,Management,Yes,2,5-10 Miles,Pacific,63,Yes,Medium
20828,Married,Female,30000,4,Graduate Degree,Clerical,Yes,0,0-1 Miles,Europe,45,Yes,Medium
19461,Single,Female,10000,4,Partial High School,Manual,Yes,2,0-1 Miles,Europe,40,No,Low
26941,Married,Male,30000,0,Bachelors,Clerical,Yes,0,0-1 Miles,Europe,47,Yes,Medium
28412,Single,Male,20000,0,High School,Manual,No,1,2-5 Miles,Europe,29,No,Low
24485,Single,Male,40000,2,Bachelors,Management,No,1,5-10 Miles,Pacific,52,Yes,Medium
16514,Single,Male,10000,0,Partial College,Manual,Yes,1,1-2 Miles,Pacific,26,Yes,Low
17191,Single,Male,130000,3,Partial College,Professional,No,3,0-1 Miles,Europe,51,Yes,Very High
19608,Married,Male,80000,5,Bachelors,Professional,Yes,4,1-2 Miles,Pacific,40,No,High
24119,Single,Male,30000,0,Partial College,Clerical,No,1,2-5 Miles,Europe,29,No,Medium
25458,Married,Male,20000,1,High School,Manual,No,1,1-2 Miles,Europe,40,Yes,Low
26886,Single,Female,30000,0,Partial College,Clerical,No,1,0-1 Miles,Europe,29,Yes,Medium
28436,Single,Male,30000,0,Partial College,Clerical,No,1,0-1 Miles,Europe,30,Yes,Medium
19562,Single,Female,60000,2,Bachelors,Professional,Yes,1,2-5 Miles,Pacific,37,Yes,High
15608,Single,Female,30000,0,Partial College,Clerical,No,1,2-5 Miles,Europe,33,No,Medium
16487,Single,Female,30000,3,High School,Skilled Manual,Yes,2,5-10 Miles,Pacific,55,No,Medium
17197,Single,Female,90000,5,Partial College,Professional,Yes,2,10+ Miles,Europe,62,No,High
12507,Married,Male,30000,1,Partial College,Clerical,Yes,1,0-1 Miles,Europe,43,No,Medium
23940,Married,Male,40000,1,Bachelors,Skilled Manual,Yes,1,0-1 Miles,Europe,44,Yes,Medium
19441,Married,Male,40000,0,Graduate Degree,Clerical,Yes,0,0-1 Miles,Europe,25,Yes,Medium
26852,Married,Female,20000,3,High School,Manual,Yes,2,0-1 Miles,Europe,43,No,Low
12274,Single,Male,10000,2,High School,Manual,Yes,0,0-1 Miles,Europe,35,No,Low
20236,Single,Male,60000,3,Bachelors,Professional,No,2,0-1 Miles,Pacific,43,Yes,High
24149,Married,Male,10000,2,Partial College,Manual,Yes,0,1-2 Miles,Europe,49,No,Low
26139,Single,Male,60000,1,Partial College,Skilled Manual,Yes,1,5-10 Miles,Pacific,45,No,High
18491,Single,Female,70000,2,High School,Professional,Yes,2,5-10 Miles,Pacific,49,Yes,High
22707,Single,Female,30000,0,Partial College,Clerical,No,1,2-5 Miles,Europe,30,No,Medium
20430,Married,Male,70000,2,Partial College,Skilled Manual,Yes,2,5-10 Miles,Pacific,52,Yes,High
27494,Single,Female,40000,2,Partial College,Skilled Manual,No,2,1-2 Miles,Pacific,53,Yes,Medium
26829,Married,Female,40000,0,Bachelors,Clerical,Yes,0,0-1 Miles,Europe,38,Yes,Medium
28395,Single,Male,40000,0,Bachelors,Professional,No,0,0-1 Miles,Europe,39,Yes,Medium
21006,Single,Female,30000,1,Partial College,Manual,No,0,0-1 Miles,Europe,46,Yes,Medium
14682,Single,Female,70000,0,Bachelors,Professional,No,1,5-10 Miles,Pacific,38,No,High
17650,Single,Female,40000,2,Partial College,Clerical,Yes,2,1-2 Miles,Europe,35,No,Medium
29191,Single,Female,130000,1,Graduate Degree,Management,No,1,0-1 Miles,Pacific,36,Yes,Very High
15030,Married,Male,20000,0,Bachelors,Clerical,Yes,0,0-1 Miles,Pacific,26,Yes,Low
24140,Single,Male,10000,0,Graduate Degree,Manual,No,0,0-1 Miles,Europe,30,Yes,Low
22496,Married,Female,30000,1,Bachelors,Skilled Manual,Yes,2,0-1 Miles,Europe,42,No,Medium
24065,Single,Female,20000,0,High School,Manual,Yes,0,0-1 Miles,Europe,40,Yes,Low
19914,Married,Male,80000,5,Bachelors,Management,Yes,2,2-5 Miles,Europe,62,No,High
12871,Single,Female,30000,0,Partial College,Clerical,No,1,2-5 Miles,Europe,29,No,Medium
22988,Married,Female,40000,2,Bachelors,Management,Yes,2,5-10 Miles,Pacific,66,Yes,Medium
15922,Married,Male,150000,2,High School,Professional,Yes,4,0-1 Miles,Europe,48,No,Very High
12344,Single,Female,80000,0,Bachelors,Professional,No,3,10+ Miles,Pacific,31,No,High
23627,Single,Female,100000,3,Partial College,Management,No,4,5-10 Miles,Europe,56,No,Very High
27775,Single,Female,40000,0,Bachelors,Clerical,No,0,0-1 Miles,Europe,38,Yes,Medium
29301,Married,Male,80000,5,Bachelors,Professional,Yes,4,1-2 Miles,Pacific,40,No,High
12716,Single,Male,30000,0,Partial College,Clerical,Yes,1,2-5 Miles,Europe,32,No,Medium
12472,Married,Male,30000,1,Bachelors,Clerical,Yes,1,2-5 Miles,Europe,39,No,Medium
20970,Single,Male,10000,2,Partial College,Manual,Yes,1,0-1 Miles,Europe,52,Yes,Low
26818,Single,Male,10000,3,High School,Manual,Yes,1,0-1 Miles,Europe,39,Yes,Low
12993,Married,Male,60000,2,Bachelors,Professional,Yes,1,2-5 Miles,Pacific,37,No,High
14192,Married,Male,90000,4,High School,Management,Yes,3,5-10 Miles,Europe,56,Yes,High
19477,Married,Male,40000,0,Bachelors,Professional,Yes,0,0-1 Miles,Europe,40,Yes,Medium
26796,Single,Male,40000,2,Bachelors,Management,Yes,2,5-10 Miles,Pacific,65,Yes,Medium
21094,Single,Female,30000,2,Partial College,Clerical,Yes,2,0-1 Miles,Europe,42,No,Medium
12234,Married,Male,10000,2,Partial College,Manual,Yes,1,2-5 Miles,Europe,52,No,Low
28683,Single,Female,10000,1,High School,Manual,No,1,5-10 Miles,Europe,35,Yes,Low
17994,Single,Male,20000,2,High School,Manual,Yes,2,0-1 Miles,Europe,42,No,Low
24273,Married,Female,20000,2,Partial High School,Clerical,Yes,2,5-10 Miles,Pacific,55,Yes,Low
26547,Single,Female,30000,2,Partial College,Clerical,No,2,5-10 Miles,Pacific,60,Yes,Medium
22500,Single,Male,40000,0,Bachelors,Professional,No,0,0-1 Miles,Europe,40,Yes,Medium
23993,Single,Female,10000,0,Partial College,Manual,No,1,0-1 Miles,Pacific,26,Yes,Low
14832,Married,Male,40000,1,Bachelors,Skilled Manual,Yes,0,0-1 Miles,Europe,42,Yes,Medium
16614,Married,Female,80000,0,Bachelors,Professional,Yes,3,10+ Miles,Pacific,32,No,High
20877,Single,Male,30000,1,Bachelors,Clerical,Yes,0,1-2 Miles,Europe,37,Yes,Medium
20729,Married,Female,40000,2,Partial College,Clerical,No,1,0-1 Miles,Europe,34,No,Medium
22464,Married,Male,40000,0,Graduate Degree,Clerical,Yes,0,0-1 Miles,Europe,37,Yes,Medium
19475,Married,Female,40000,0,Bachelors,Professional,No,0,0-1 Miles,Europe,40,Yes,Medium
19675,Married,Male,20000,4,High School,Skilled Manual,Yes,2,5-10 Miles,Pacific,60,No,Low
12728,Single,Male,30000,0,Partial College,Clerical,No,1,1-2 Miles,Europe,27,No,Medium
26154,Married,Male,60000,1,Partial College,Skilled Manual,Yes,1,5-10 Miles,Pacific,43,Yes,High
29117,Single,Male,100000,1,Bachelors,Management,No,3,0-1 Miles,Pacific,48,No,Very High
17845,Single,Female,20000,0,Partial High School,Manual,No,2,1-2 Miles,Europe,32,No,Low
25058,Married,Male,100000,1,Bachelors,Management,Yes,3,2-5 Miles,Pacific,47,No,Very High
23426,Single,Male,80000,5,Graduate Degree,Management,Yes,3,0-1 Miles,Pacific,40,No,High
14798,Single,Female,10000,4,Partial High School,Manual,Yes,2,0-1 Miles,Europe,41,Yes,Low
12664,Married,Female,130000,5,Partial College,Professional,Yes,4,0-1 Miles,Europe,59,No,Very High
23979,Single,Male,10000,2,Partial College,Manual,No,0,0-1 Miles,Europe,50,No,Low
25605,Single,Female,20000,2,Partial College,Manual,No,1,0-1 Miles,Europe,54,Yes,Low
20797,Married,Female,10000,1,Bachelors,Manual,Yes,0,0-1 Miles,Europe,48,No,Low
21980,Single,Female,60000,1,Bachelors,Professional,Yes,1,5-10 Miles,Pacific,44,Yes,High
25460,Married,Female,20000,2,High School,Manual,Yes,0,0-1 Miles,Europe,40,Yes,Low
29181,Single,Female,60000,2,Bachelors,Professional,No,1,0-1 Miles,Pacific,38,Yes,High
24279,Single,Male,40000,2,Partial College,Skilled Manual,No,2,1-2 Miles,Pacific,52,No,Medium
22402,Married,Male,10000,0,Partial College,Manual,Yes,1,2-5 Miles,Pacific,25,Yes,Low
15465,Married,Female,10000,0,Partial College,Manual,No,1,0-1 Miles,Pacific,25,No,Low
26757,Single,Male,90000,1,Bachelors,Professional,Yes,1,2-5 Miles,Pacific,47,Yes,High
14233,Single,Male,100000,0,High School,Management,Yes,3,10+ Miles,Pacific,35,No,Very High
14058,Single,Male,70000,0,Bachelors,Professional,No,1,5-10 Miles,Pacific,41,Yes,High
12273,Married,Male,30000,1,Bachelors,Clerical,Yes,0,0-1 Miles,Europe,47,No,Medium
17203,Married,Female,130000,4,Partial College,Professional,Yes,4,5-10 Miles,Europe,61,Yes,Very High
18144,Married,Female,80000,5,Bachelors,Management,Yes,2,2-5 Miles,Europe,61,No,High
23963,Married,Male,10000,0,Partial High School,Manual,No,2,0-1 Miles,Europe,33,No,Low
17907,Married,Female,10000,0,Partial College,Manual,Yes,1,2-5 Miles,Pacific,27,No,Low
19442,Single,Male,50000,0,Graduate Degree,Skilled Manual,Yes,0,0-1 Miles,Europe,37,Yes,Medium
17504,Single,Female,80000,2,Partial College,Skilled Manual,Yes,2,5-10 Miles,Pacific,52,Yes,High
12253,Single,Female,20000,0,Partial College,Manual,Yes,0,0-1 Miles,Pacific,29,Yes,Low
27304,Single,Female,110000,2,Partial College,Professional,No,3,5-10 Miles,Europe,48,No,Very High
14191,Married,Male,160000,4,Partial College,Professional,No,2,10+ Miles,Europe,55,Yes,Very High
12212,Married,Female,10000,0,Graduate Degree,Manual,Yes,0,0-1 Miles,Europe,37,Yes,Low
25529,Single,Male,10000,1,Graduate Degree,Manual,Yes,0,0-1 Miles,Europe,44,No,Low
22170,Married,Female,30000,3,Partial College,Clerical,No,2,1-2 Miles,Pacific,55,Yes,Medium
19445,Married,Female,10000,2,High School,Manual,No,1,0-1 Miles,Europe,38,No,Low
15265,Single,Male,40000,2,Bachelors,Management,Yes,2,5-10 Miles,Pacific,66,Yes,Medium
28918,Married,Female,130000,4,High School,Management,No,4,10+ Miles,Europe,58,No,Very High
15799,Married,Female,90000,1,Bachelors,Professional,Yes,1,2-5 Miles,Pacific,47,Yes,High
11047,Married,Female,30000,3,High School,Skilled Manual,No,2,1-2 Miles,Pacific,56,Yes,Medium
18151,Single,Male,80000,5,Partial College,Professional,No,2,10+ Miles,Europe,59,No,High
20606,Married,Female,70000,0,Bachelors,Professional,Yes,4,10+ Miles,Pacific,32,Yes,High
19482,Married,Male,30000,1,Partial College,Clerical,Yes,1,0-1 Miles,Europe,44,Yes,Medium
16489,Married,Male,30000,3,High School,Skilled Manual,Yes,2,5-10 Miles,Pacific,55,No,Medium
26944,Single,Male,90000,2,High School,Manual,Yes,0,0-1 Miles,Europe,36,Yes,High
15682,Single,Female,80000,5,Bachelors,Management,Yes,2,10+ Miles,Europe,62,No,High
26032,Married,Female,70000,5,Bachelors,Professional,Yes,4,10+ Miles,Pacific,41,No,High
17843,Single,Female,10000,0,Partial High School,Manual,No,2,0-1 Miles,Europe,32,No,Low
25559,Single,Male,20000,0,Bachelors,Clerical,Yes,0,0-1 Miles,Pacific,25,Yes,Low
16209,Single,Female,50000,0,Graduate Degree,Skilled Manual,Yes,0,1-2 Miles,Europe,36,No,Medium
11147,Married,Male,60000,2,Graduate Degree,Management,Yes,1,0-1 Miles,Pacific,67,Yes,High
15214,Single,Female,100000,0,Graduate Degree,Management,No,1,1-2 Miles,Pacific,39,Yes,Very High
11453,Single,Male,80000,0,Bachelors,Professional,No,3,10+ Miles,Pacific,33,Yes,High
24584,Single,Male,60000,0,Bachelors,Professional,No,3,2-5 Miles,Pacific,31,No,High
12585,Married,Male,10000,1,High School,Manual,Yes,0,2-5 Miles,Pacific,27,Yes,Low
18626,Single,Male,40000,2,Partial College,Clerical,Yes,0,1-2 Miles,Europe,33,Yes,Medium
29298,Single,Female,60000,1,Partial College,Skilled Manual,Yes,1,5-10 Miles,Pacific,46,Yes,High
24842,Single,Female,90000,3,High School,Professional,No,1,2-5 Miles,Europe,51,No,High
15657,Married,Male,30000,3,Graduate Degree,Clerical,Yes,0,0-1 Miles,Europe,46,Yes,Medium
11415,Single,Male,90000,5,Partial College,Professional,No,2,10+ Miles,Europe,62,No,High
28729,Single,Female,20000,0,Partial High School,Manual,Yes,2,1-2 Miles,Europe,26,Yes,Low
22633,Single,Female,40000,0,Graduate Degree,Clerical,Yes,0,0-1 Miles,Europe,37,Yes,Medium
25649,Single,Female,30000,3,Partial College,Clerical,Yes,0,0-1 Miles,Europe,42,Yes,Medium
14669,Married,Female,80000,4,Graduate Degree,Management,Yes,1,0-1 Miles,Pacific,36,No,High
19299,Married,Female,50000,0,Graduate Degree,Skilled Manual,Yes,0,0-1 Miles,Europe,36,Yes,Medium
20946,Single,Female,30000,0,Partial College,Clerical,No,1,2-5 Miles,Europe,30,No,Medium
11451,Single,Male,70000,0,Bachelors,Professional,No,4,10+ Miles,Pacific,31,Yes,High
25553,Married,Male,30000,1,Bachelors,Clerical,Yes,0,0-1 Miles,Europe,65,Yes,Medium
27951,Single,Male,80000,4,Partial College,Professional,No,2,2-5 Miles,Europe,54,Yes,High
25026,Married,Male,20000,2,Partial High School,Clerical,Yes,3,5-10 Miles,Pacific,54,No,Low
13673,Single,Female,20000,0,Partial High School,Manual,No,2,0-1 Miles,Europe,25,No,Low
16043,Single,Male,10000,1,Bachelors,Manual,Yes,0,0-1 Miles,Europe,48,No,Low
22399,Single,Male,10000,0,Partial College,Manual,Yes,1,1-2 Miles,Pacific,26,Yes,Low
27696,Married,Male,60000,1,Bachelors,Professional,Yes,1,5-10 Miles,Pacific,43,Yes,High
25313,Single,Male,10000,0,Partial High School,Manual,No,2,1-2 Miles,Europe,35,No,Low
13813,Married,Female,30000,3,Partial College,Clerical,No,0,0-1 Miles,Europe,42,No,Medium
18711,Single,Female,70000,5,Bachelors,Professional,Yes,4,10+ Miles,Pacific,39,No,High
19650,Married,Female,30000,2,Partial College,Clerical,No,2,0-1 Miles,Pacific,67,No,Medium
14135,Married,Male,20000,1,Partial College,Manual,Yes,0,1-2 Miles,Europe,35,No,Low
12833,Single,Female,20000,3,High School,Manual,Yes,1,0-1 Miles,Europe,42,Yes,Low
26849,Married,Male,10000,3,Partial High School,Manual,Yes,2,0-1 Miles,Europe,43,No,Low
20962,Married,Female,20000,1,Graduate Degree,Clerical,Yes,0,0-1 Miles,Europe,45,No,Low
28915,Single,Male,80000,5,High School,Management,Yes,3,10+ Miles,Europe,57,No,High
22830,Married,Male,120000,4,Partial College,Management,Yes,3,10+ Miles,Europe,56,No,Very High
14777,Married,Female,40000,0,Bachelors,Clerical,Yes,0,0-1 Miles,Europe,38,Yes,Medium
12591,Married,Female,30000,4,Graduate Degree,Clerical,Yes,0,0-1 Miles,Europe,45,No,Medium
24174,Married,Male,20000,0,Bachelors,Clerical,Yes,0,0-1 Miles,Pacific,27,Yes,Low
24611,Single,Male,90000,0,Bachelors,Professional,No,4,10+ Miles,Pacific,35,Yes,High
11340,Married,Female,10000,1,Graduate Degree,Clerical,Yes,0,0-1 Miles,Europe,70,Yes,Low
25693,Single,Female,30000,5,Graduate Degree,Clerical,Yes,0,0-1 Miles,Europe,44,Yes,Medium
25555,Married,Female,10000,0,Partial College,Manual,No,1,0-1 Miles,Pacific,26,Yes,Low
22006,Married,Male,70000,5,Partial College,Skilled Manual,Yes,3,5-10 Miles,Pacific,46,No,High
20060,Single,Female,30000,0,High School,Manual,No,1,2-5 Miles,Europe,34,Yes,Medium
17702,Married,Male,10000,1,Graduate Degree,Manual,Yes,0,0-1 Miles,Europe,37,No,Low
12503,Single,Female,30000,3,Partial College,Clerical,Yes,2,0-1 Miles,Europe,27,No,Medium
23908,Single,Male,30000,1,Bachelors,Clerical,No,1,0-1 Miles,Europe,39,Yes,Medium
22527,Single,Female,20000,0,High School,Manual,No,1,2-5 Miles,Europe,29,No,Low
19057,Married,Female,120000,3,Bachelors,Management,No,2,10+ Miles,Europe,52,Yes,Very High
18494,Married,Male,110000,5,Bachelors,Management,Yes,4,2-5 Miles,Pacific,48,Yes,Very High
11249,Married,Female,130000,3,Partial College,Professional,Yes,3,0-1 Miles,Europe,51,Yes,Very High
21568,Married,Female,100000,0,High School,Management,Yes,4,10+ Miles,Pacific,34,Yes,Very High
13981,Married,Female,10000,5,High School,Skilled Manual,No,3,1-2 Miles,Pacific,62,No,Low
23432,Single,Male,70000,0,Bachelors,Professional,Yes,1,5-10 Miles,Pacific,37,Yes,High
22931,Married,Male,100000,5,Graduate Degree,Management,No,1,1-2 Miles,Pacific,78,Yes,Very High
18172,Married,Male,130000,4,High School,Professional,Yes,3,0-1 Miles,Europe,55,No,Very High
12666,Single,Male,60000,0,Bachelors,Professional,No,4,2-5 Miles,Pacific,31,No,High
20598,Married,Male,100000,3,Partial High School,Professional,Yes,0,10+ Miles,Europe,59,Yes,Very High
21375,Single,Male,20000,2,Partial High School,Clerical,Yes,2,5-10 Miles,Pacific,57,No,Low
20839,Single,Female,30000,3,Graduate Degree,Clerical,Yes,0,0-1 Miles,Europe,47,Yes,Medium
21738,Married,Male,20000,1,Graduate Degree,Clerical,Yes,0,0-1 Miles,Europe,43,No,Low
14164,Single,Female,50000,0,Graduate Degree,Skilled Manual,Yes,0,0-1 Miles,Europe,36,Yes,Medium
14193,Single,Female,100000,3,Partial College,Management,Yes,4,10+ Miles,Europe,56,No,Very High
12705,Married,Male,150000,0,Bachelors,Management,Yes,4,0-1 Miles,Pacific,37,Yes,Very High
22672,Single,Female,30000,2,Partial College,Clerical,Yes,0,0-1 Miles,Europe,43,No,Medium
26219,Married,Female,40000,1,Bachelors,Skilled Manual,Yes,1,1-2 Miles,Europe,33,Yes,Medium
28468,Married,Female,10000,2,Partial College,Manual,Yes,0,1-2 Miles,Europe,51,No,Low
23419,Single,Female,70000,5,Bachelors,Professional,Yes,3,10+ Miles,Pacific,39,No,High
17964,Married,Male,40000,0,Graduate Degree,Clerical,Yes,0,0-1 Miles,Europe,37,Yes,Medium
20919,Single,Female,30000,2,Partial College,Clerical,Yes,2,0-1 Miles,Europe,42,No,Medium
20927,Single,Female,20000,5,High School,Manual,Yes,2,0-1 Miles,Europe,27,No,Low
13133,Single,Male,100000,5,Bachelors,Professional,Yes,1,5-10 Miles,Pacific,47,Yes,Very High
19626,Married,Male,70000,5,Partial College,Skilled Manual,Yes,3,5-10 Miles,Pacific,45,No,High
21039,Single,Female,50000,0,Graduate Degree,Skilled Manual,No,0,0-1 Miles,Europe,37,Yes,Medium
12231,Single,Female,10000,2,Partial College,Manual,Yes,0,0-1 Miles,Europe,51,Yes,Low
25665,Single,Female,20000,0,High School,Manual,No,1,1-2 Miles,Europe,28,No,Low
24061,Married,Male,10000,4,Partial High School,Manual,Yes,1,0-1 Miles,Europe,40,Yes,Low
26879,Single,Female,20000,0,High School,Manual,No,1,2-5 Miles,Europe,30,No,Low
12284,Married,Female,30000,0,Bachelors,Clerical,No,0,0-1 Miles,Europe,36,Yes,Medium
26654,Married,Female,90000,1,Graduate Degree,Management,Yes,0,0-1 Miles,Pacific,37,Yes,High
14545,Married,Female,10000,2,Partial College,Manual,Yes,0,1-2 Miles,Europe,49,No,Low
24201,Married,Female,10000,2,High School,Manual,Yes,0,0-1 Miles,Europe,37,Yes,Low
20625,Married,Male,100000,0,High School,Management,Yes,3,10+ Miles,Pacific,35,Yes,Very High
16390,Single,Male,30000,1,Bachelors,Clerical,No,0,0-1 Miles,Europe,38,Yes,Medium
14804,Single,Female,10000,3,Partial High School,Manual,Yes,2,0-1 Miles,Europe,43,No,Low
12629,Single,Male,20000,1,Partial College,Manual,No,0,0-1 Miles,Europe,37,No,Low
14696,Single,Male,10000,0,Partial High School,Manual,No,2,0-1 Miles,Europe,34,No,Low
22005,Married,Female,70000,5,Partial College,Skilled Manual,No,3,5-10 Miles,Pacific,46,No,High
14544,Single,Male,10000,1,Partial College,Manual,Yes,0,0-1 Miles,Europe,49,No,Low
14312,Married,Female,60000,1,Partial College,Skilled Manual,Yes,1,5-10 Miles,Pacific,45,No,High
29120,Single,Female,100000,1,Bachelors,Management,Yes,4,2-5 Miles,Pacific,48,No,Very High
24187,Single,Female,30000,3,Graduate Degree,Clerical,No,0,0-1 Miles,Europe,46,Yes,Medium
15758,Married,Male,130000,0,Graduate Degree,Management,Yes,0,5-10 Miles,Pacific,48,No,Very High
29094,Married,Male,30000,3,High School,Skilled Manual,Yes,2,5-10 Miles,Pacific,54,Yes,Medium
28319,Single,Female,60000,1,Partial College,Skilled Manual,No,1,0-1 Miles,Pacific,46,Yes,High
16406,Married,Male,40000,0,Bachelors,Clerical,No,0,0-1 Miles,Europe,38,Yes,Medium
20923,Married,Female,40000,1,Bachelors,Skilled Manual,Yes,0,0-1 Miles,Europe,42,Yes,Medium
11378,Single,Female,10000,1,High School,Manual,No,1,2-5 Miles,Europe,46,Yes,Low
20851,Single,Male,20000,0,Partial College,Manual,No,1,2-5 Miles,Europe,36,Yes,Low
21557,Single,Female,110000,0,Partial College,Management,Yes,3,10+ Miles,Pacific,32,Yes,Very High
26663,Single,Female,60000,2,Bachelors,Professional,No,1,0-1 Miles,Pacific,39,Yes,High
11896,Married,Male,100000,1,Graduate Degree,Management,Yes,0,2-5 Miles,Pacific,36,Yes,Very High
14189,Married,Female,90000,4,High School,Professional,No,2,2-5 Miles,Europe,54,Yes,High
13136,Married,Female,30000,2,Partial College,Clerical,No,2,5-10 Miles,Pacific,69,No,Medium
25906,Single,Female,10000,5,High School,Skilled Manual,No,2,1-2 Miles,Pacific,62,No,Low
17926,Single,Female,40000,0,Bachelors,Clerical,No,0,0-1 Miles,Pacific,28,Yes,Medium
26928,Single,Male,30000,1,Bachelors,Clerical,Yes,0,0-1 Miles,Europe,62,Yes,Medium
20897,Married,Female,30000,1,Bachelors,Skilled Manual,Yes,2,0-1 Miles,Europe,40,No,Medium
28207,Married,Male,80000,4,Graduate Degree,Management,Yes,1,0-1 Miles,Pacific,36,Yes,High
25923,Single,Male,10000,2,Partial High School,Clerical,Yes,2,5-10 Miles,Pacific,58,No,Low
11000,Married,Male,90000,2,Bachelors,Professional,Yes,0,1-2 Miles,Pacific,40,Yes,High
20974,Married,Male,10000,2,Bachelors,Clerical,Yes,1,0-1 Miles,Europe,66,No,Low
28758,Married,Male,40000,2,Partial College,Clerical,Yes,1,1-2 Miles,Europe,35,Yes,Medium
11381,Married,Female,20000,2,Partial College,Manual,Yes,1,2-5 Miles,Europe,47,Yes,Low
17522,Married,Male,120000,4,Bachelors,Management,Yes,1,2-5 Miles,Pacific,47,No,Very High
21207,Married,Male,60000,1,Partial College,Skilled Manual,Yes,1,5-10 Miles,Pacific,46,No,High
28102,Married,Male,20000,4,High School,Skilled Manual,Yes,2,5-10 Miles,Pacific,58,Yes,Low
23105,Single,Male,40000,3,Partial High School,Clerical,No,2,5-10 Miles,Pacific,52,Yes,Medium
18740,Married,Male,80000,5,Bachelors,Professional,No,1,0-1 Miles,Pacific,47,Yes,High
21213,Single,Male,70000,0,Bachelors,Professional,No,1,5-10 Miles,Pacific,41,No,High
17352,Married,Male,50000,2,Graduate Degree,Management,Yes,1,5-10 Miles,Pacific,64,Yes,Medium
14154,Married,Male,30000,0,Bachelors,Clerical,Yes,0,0-1 Miles,Europe,35,Yes,Medium
19066,Married,Male,130000,4,Partial College,Professional,No,3,10+ Miles,Europe,54,No,Very High
11386,Married,Female,30000,3,Bachelors,Clerical,Yes,0,0-1 Miles,Europe,45,No,Medium
20228,Married,Male,100000,0,Graduate Degree,Management,Yes,0,2-5 Miles,Pacific,40,Yes,Very High
16675,Single,Female,160000,0,Graduate Degree,Management,No,3,0-1 Miles,Pacific,47,Yes,Very High
16410,Single,Female,10000,4,Partial High School,Manual,Yes,2,0-1 Miles,Europe,41,Yes,Low
27760,Single,Female,40000,0,Graduate Degree,Clerical,No,0,0-1 Miles,Europe,37,Yes,Medium
22930,Married,Male,90000,4,Bachelors,Professional,Yes,0,1-2 Miles,Pacific,38,Yes,High
23780,Single,Male,40000,2,Partial College,Clerical,No,2,0-1 Miles,Europe,36,Yes,Medium
20994,Married,Female,20000,0,Bachelors,Clerical,No,0,0-1 Miles,Pacific,26,Yes,Low
28379,Married,Male,30000,1,Bachelors,Skilled Manual,Yes,2,0-1 Miles,Europe,40,No,Medium
14865,Single,Male,40000,2,Partial College,Clerical,Yes,2,1-2 Miles,Europe,36,No,Medium
12663,Married,Female,90000,5,Partial High School,Skilled Manual,Yes,2,10+ Miles,Europe,59,No,High
24898,Single,Female,80000,0,Bachelors,Professional,Yes,3,10+ Miles,Pacific,32,No,High
19508,Married,Male,10000,0,Partial High School,Manual,No,2,0-1 Miles,Europe,30,No,Low
11489,Single,Female,20000,0,Partial High School,Manual,No,2,1-2 Miles,Europe,35,Yes,Low
18160,Married,Male,130000,3,High School,Professional,Yes,4,5-10 Miles,Europe,51,Yes,Very High
25241,Married,Male,90000,2,Bachelors,Professional,Yes,1,5-10 Miles,Pacific,47,No,High
24369,Married,Male,80000,5,Graduate Degree,Management,No,2,0-1 Miles,Pacific,39,No,High
27165,Single,Male,20000,0,Partial High School,Manual,No,2,0-1 Miles,Europe,34,No,Low
29424,Married,Male,10000,0,Partial High School,Manual,Yes,2,0-1 Miles,Europe,32,No,Low
15926,Single,Female,120000,3,High School,Professional,Yes,4,5-10 Miles,Europe,50,Yes,Very High
14554,Married,Male,20000,1,Bachelors,Clerical,Yes,0,0-1 Miles,Europe,66,No,Low
16468,Single,Male,30000,0,Partial College,Clerical,Yes,1,2-5 Miles,Europe,30,No,Medium
19174,Single,Female,30000,0,High School,Manual,No,1,2-5 Miles,Europe,32,Yes,Medium
19183,Single,Male,10000,0,Partial High School,Manual,Yes,2,1-2 Miles,Europe,35,No,Low
13683,Single,Female,30000,0,High School,Manual,No,1,2-5 Miles,Europe,32,No,Medium
17848,Single,Male,30000,0,Partial College,Clerical,No,1,2-5 Miles,Europe,31,Yes,Medium
17894,Married,Female,20000,1,Bachelors,Clerical,Yes,0,0-1 Miles,Europe,50,Yes,Low
25651,Married,Male,40000,1,Bachelors,Skilled Manual,No,0,0-1 Miles,Europe,43,Yes,Medium
22936,Single,Female,60000,1,Partial College,Skilled Manual,No,1,0-1 Miles,Pacific,45,Yes,High
23915,Married,Male,20000,2,High School,Manual,Yes,2,0-1 Miles,Europe,42,No,Low
24121,Single,Female,30000,0,Partial College,Clerical,No,1,0-1 Miles,Europe,29,Yes,Medium
27878,Single,Male,20000,0,Partial College,Manual,No,0,0-1 Miles,Pacific,28,Yes,Low
13572,Single,Male,10000,3,High School,Manual,Yes,0,0-1 Miles,Europe,37,Yes,Low
27941,Married,Female,80000,4,Partial College,Professional,Yes,2,2-5 Miles,Europe,53,No,High
26354,Single,Male,40000,0,Graduate Degree,Clerical,No,0,0-1 Miles,Europe,38,Yes,Medium
14785,Single,Male,30000,1,Bachelors,Clerical,No,1,1-2 Miles,Europe,39,No,Medium
17238,Single,Male,80000,0,Bachelors,Professional,Yes,3,10+ Miles,Pacific,32,No,High
23608,Married,Female,150000,3,High School,Professional,Yes,3,0-1 Miles,Europe,51,Yes,Very High
22538,Single,Female,10000,0,Partial High School,Manual,Yes,2,1-2 Miles,Europe,33,No,Low
12332,Married,Male,90000,4,High School,Management,Yes,3,5-10 Miles,Europe,58,Yes,High
17230,Married,Male,80000,0,Bachelors,Professional,Yes,3,10+ Miles,Pacific,30,No,High
13082,Single,Male,130000,0,Graduate Degree,Management,Yes,0,2-5 Miles,Pacific,48,Yes,Very High
22518,Single,Female,30000,3,Partial College,Clerical,No,2,0-1 Miles,Europe,27,Yes,Medium
13687,Married,Male,40000,1,Bachelors,Skilled Manual,Yes,1,0-1 Miles,Europe,33,Yes,Medium
23571,Married,Female,40000,2,Bachelors,Management,Yes,2,0-1 Miles,Pacific,66,Yes,Medium
19305,Single,Female,10000,2,High School,Manual,Yes,1,0-1 Miles,Europe,38,Yes,Low
22636,Single,Female,40000,0,Bachelors,Clerical,No,0,0-1 Miles,Europe,38,Yes,Medium
17310,Married,Male,60000,1,Partial College,Skilled Manual,Yes,1,0-1 Miles,Pacific,45,Yes,High
12133,Married,Female,130000,3,Partial College,Professional,Yes,3,5-10 Miles,Europe,50,Yes,Very High
25918,Single,Female,30000,2,Partial College,Clerical,No,2,5-10 Miles,Pacific,60,Yes,Medium
25752,Single,Female,20000,2,Partial College,Manual,No,1,0-1 Miles,Europe,53,Yes,Low
17324,Married,Female,100000,4,Bachelors,Professional,Yes,1,10+ Miles,Pacific,46,No,Very High
22918,Single,Male,80000,5,Graduate Degree,Management,Yes,3,0-1 Miles,Pacific,50,No,High
12510,Married,Male,40000,1,Bachelors,Skilled Manual,Yes,1,0-1 Miles,Europe,43,Yes,Medium
25512,Single,Male,20000,0,High School,Manual,No,1,2-5 Miles,Europe,30,No,Low
16179,Single,Female,80000,5,Bachelors,Professional,Yes,4,1-2 Miles,Pacific,38,No,High
15628,Married,Female,40000,1,Bachelors,Skilled Manual,Yes,1,0-1 Miles,Europe,89,No,Medium
20977,Married,Male,20000,1,Bachelors,Clerical,Yes,0,0-1 Miles,Europe,64,Yes,Low
18140,Married,Male,130000,3,Partial College,Professional,No,3,5-10 Miles,Europe,51,Yes,Very High
20417,Married,Male,30000,3,Partial College,Clerical,No,2,5-10 Miles,Pacific,56,No,Medium
18267,Married,Male,60000,3,Bachelors,Professional,Yes,2,5-10 Miles,Pacific,43,No,High
13620,Single,Male,70000,0,Bachelors,Professional,No,3,10+ Miles,Pacific,30,Yes,High
22974,Married,Female,30000,2,Partial College,Clerical,Yes,2,5-10 Miles,Pacific,69,No,Medium
13586,Married,Male,80000,4,Partial College,Professional,Yes,2,10+ Miles,Europe,53,No,High
17978,Married,Male,40000,0,Graduate Degree,Clerical,Yes,0,0-1 Miles,Europe,37,Yes,Medium
12581,Single,Female,10000,0,Partial College,Manual,No,1,0-1 Miles,Pacific,28,Yes,Low
18018,Single,Male,30000,3,Partial College,Clerical,Yes,0,0-1 Miles,Europe,43,No,Medium
28957,Single,Female,120000,0,Partial High School,Professional,Yes,4,10+ Miles,Pacific,34,Yes,Very High
13690,Single,Female,20000,0,Partial High School,Manual,No,2,1-2 Miles,Europe,34,Yes,Low
12568,Married,Female,30000,1,Bachelors,Clerical,Yes,0,0-1 Miles,Europe,64,No,Medium
13122,Married,Female,80000,0,Bachelors,Professional,Yes,1,1-2 Miles,Pacific,41,Yes,High
21184,Single,Male,70000,0,Bachelors,Professional,No,1,5-10 Miles,Pacific,38,No,High
26150,Single,Female,70000,0,Bachelors,Professional,No,1,0-1 Miles,Pacific,41,Yes,High
24151,Single,Male,20000,1,Bachelors,Clerical,No,0,0-1 Miles,Europe,51,No,Low
23962,Married,Female,10000,0,Partial High School,Manual,Yes,2,1-2 Miles,Europe,32,No,Low
17793,Married,Female,40000,0,Bachelors,Clerical,Yes,0,0-1 Miles,Europe,38,Yes,Medium
14926,Married,Male,30000,1,Bachelors,Clerical,Yes,0,0-1 Miles,Europe,38,Yes,Medium
16163,Single,Male,60000,2,Bachelors,Professional,Yes,1,2-5 Miles,Pacific,38,Yes,High
21365,Married,Female,10000,2,Partial High School,Clerical,Yes,2,5-10 Miles,Pacific,58,No,Low
27771,Single,Male,30000,1,Bachelors,Clerical,Yes,1,1-2 Miles,Europe,39,Yes,Medium
26167,Single,Female,40000,2,Bachelors,Management,No,1,5-10 Miles,Pacific,53,Yes,Medium
25792,Single,Female,110000,3,Bachelors,Management,Yes,4,10+ Miles,Europe,53,No,Very High
11555,Married,Female,40000,1,Bachelors,Clerical,Yes,0,0-1 Miles,Europe,80,No,Medium
22381,Married,Male,10000,1,Graduate Degree,Manual,Yes,0,0-1 Miles,Europe,44,No,Low
17882,Married,Male,20000,1,Graduate Degree,Clerical,Yes,0,0-1 Miles,Europe,44,No,Low
22174,Married,Male,30000,3,High School,Skilled Manual,Yes,2,5-10 Miles,Pacific,54,Yes,Medium
22439,Married,Female,30000,0,Bachelors,Clerical,Yes,0,0-1 Miles,Europe,37,Yes,Medium
18012,Married,Female,40000,1,Bachelors,Skilled Manual,Yes,0,0-1 Miles,Europe,41,No,Medium
27582,Single,Female,90000,2,Bachelors,Professional,No,0,0-1 Miles,Pacific,36,Yes,High
12744,Single,Female,40000,2,Partial College,Clerical,Yes,0,0-1 Miles,Europe,33,No,Medium
22821,Married,Female,130000,3,Partial College,Professional,Yes,4,0-1 Miles,Europe,52,No,Very High
20171,Married,Female,20000,2,Partial College,Manual,Yes,1,0-1 Miles,Europe,46,Yes,Low
11116,Married,Male,70000,5,Partial College,Skilled Manual,Yes,2,5-10 Miles,Pacific,43,No,High
20053,Single,Male,40000,2,Partial College,Clerical,Yes,0,0-1 Miles,Europe,34,No,Medium
25266,Single,Female,30000,2,Partial College,Clerical,No,2,5-10 Miles,Pacific,67,No,Medium
17960,Married,Female,40000,0,Graduate Degree,Clerical,Yes,0,0-1 Miles,Europe,35,Yes,Medium
13961,Married,Female,80000,5,Graduate Degree,Management,Yes,3,0-1 Miles,Pacific,40,No,High
11897,Single,Male,60000,2,Bachelors,Professional,No,1,0-1 Miles,Pacific,37,Yes,High
11139,Single,Female,30000,2,Partial College,Clerical,No,2,5-10 Miles,Pacific,67,No,Medium
11576,Married,Male,30000,1,Bachelors,Skilled Manual,Yes,2,0-1 Miles,Europe,41,Yes,Medium
19255,Single,Male,10000,2,Partial College,Manual,Yes,1,0-1 Miles,Europe,51,Yes,Low
18153,Married,Female,100000,2,Bachelors,Management,Yes,4,10+ Miles,Europe,59,No,Very High
14547,Married,Male,10000,2,Partial College,Manual,Yes,0,1-2 Miles,Europe,51,No,Low
24901,Single,Male,110000,0,Partial College,Management,No,3,10+ Miles,Pacific,32,Yes,Very High
27169,Single,Male,30000,0,High School,Manual,Yes,1,2-5 Miles,Europe,34,Yes,Medium
14805,Single,Female,10000,3,Partial High School,Manual,Yes,2,0-1 Miles,Europe,43,No,Low
15822,Married,Male,40000,2,Bachelors,Management,Yes,2,0-1 Miles,Pacific,67,No,Medium
19389,Single,Male,30000,0,Partial College,Clerical,No,1,2-5 Miles,Europe,28,No,Medium
17048,Single,Female,90000,1,Graduate Degree,Management,Yes,0,0-1 Miles,Pacific,36,Yes,High
22204,Married,Male,110000,4,Bachelors,Management,Yes,3,2-5 Miles,Pacific,48,No,Very High
12718,Single,Female,30000,0,Partial College,Clerical,Yes,1,2-5 Miles,Europe,31,No,Medium
15019,Single,Female,30000,3,High School,Skilled Manual,Yes,2,5-10 Miles,Pacific,55,No,Medium
28488,Single,Male,20000,0,Partial College,Manual,Yes,0,0-1 Miles,Pacific,28,Yes,Low
21891,Married,Female,110000,0,High School,Management,Yes,3,10+ Miles,Pacific,34,Yes,Very High
27814,Single,Female,30000,3,Partial College,Clerical,No,1,0-1 Miles,Europe,26,No,Medium
22175,Married,Female,30000,3,High School,Skilled Manual,Yes,2,5-10 Miles,Pacific,53,Yes,Medium
29447,Single,Female,10000,2,Bachelors,Clerical,No,1,2-5 Miles,Europe,68,No,Low
19784,Married,Female,80000,2,High School,Skilled Manual,Yes,2,5-10 Miles,Pacific,50,Yes,High
27824,Single,Female,30000,3,Partial College,Clerical,Yes,2,0-1 Miles,Europe,28,Yes,Medium
24093,Single,Female,80000,0,Graduate Degree,Skilled Manual,No,0,0-1 Miles,Europe,40,Yes,High
19618,Married,Male,70000,5,Partial College,Skilled Manual,Yes,2,0-1 Miles,Pacific,44,No,High
21561,Single,Male,90000,0,Bachelors,Professional,No,3,10+ Miles,Pacific,34,Yes,High
11061,Married,Male,70000,2,Partial College,Skilled Manual,Yes,2,5-10 Miles,Pacific,52,Yes,High
26651,Single,Male,80000,4,Graduate Degree,Management,Yes,0,0-1 Miles,Pacific,36,Yes,High
21108,Married,Female,40000,1,Bachelors,Skilled Manual,Yes,1,0-1 Miles,Europe,43,Yes,Medium
12731,Single,Male,30000,0,High School,Manual,No,1,1-2 Miles,Europe,32,No,Medium
25307,Married,Female,40000,1,Bachelors,Skilled Manual,Yes,1,1-2 Miles,Europe,32,Yes,Medium
14278,Married,Female,130000,0,Graduate Degree,Management,Yes,1,10+ Miles,Pacific,48,No,Very High
20711,Married,Female,40000,1,Bachelors,Skilled Manual,Yes,0,1-2 Miles,Europe,32,Yes,Medium
11383,Married,Female,30000,3,Graduate Degree,Clerical,Yes,0,0-1 Miles,Europe,46,No,Medium
12497,Married,Female,40000,1,Bachelors,Skilled Manual,Yes,0,0-1 Miles,Europe,42,No,Medium
16559,Single,Female,10000,2,High School,Manual,Yes,0,0-1 Miles,Europe,36,Yes,Low
11585,Married,Female,40000,1,Bachelors,Skilled Manual,Yes,0,0-1 Miles,Europe,41,No,Medium
20277,Married,Female,30000,2,Partial College,Clerical,No,2,0-1 Miles,Pacific,69,No,Medium
26765,Single,Female,70000,5,Partial College,Skilled Manual,Yes,2,5-10 Miles,Pacific,45,No,High
12389,Single,Male,30000,0,High School,Manual,No,1,2-5 Miles,Europe,34,No,Medium
13585,Married,Female,80000,4,Partial College,Professional,No,1,2-5 Miles,Europe,53,Yes,High
26385,Single,Male,120000,3,High School,Professional,No,4,5-10 Miles,Europe,50,No,Very High
12236,Married,Female,20000,1,Partial College,Manual,Yes,0,0-1 Miles,Europe,65,No,Low
21560,Married,Male,120000,0,Partial High School,Professional,Yes,4,10+ Miles,Pacific,32,Yes,Very High
21554,Single,Female,80000,0,Bachelors,Professional,No,3,10+ Miles,Pacific,33,No,High
13662,Single,Male,20000,0,Partial High School,Manual,Yes,2,1-2 Miles,Europe,31,Yes,Low
13089,Married,Female,120000,1,Bachelors,Management,Yes,2,0-1 Miles,Pacific,46,Yes,Very High
14791,Married,Female,40000,0,Bachelors,Clerical,Yes,0,0-1 Miles,Europe,39,Yes,Medium
19331,Single,Male,20000,2,High School,Manual,Yes,1,0-1 Miles,Europe,40,No,Low
17754,Single,Female,30000,3,Bachelors,Clerical,Yes,0,0-1 Miles,Europe,46,Yes,Medium
11149,Married,Male,40000,2,Bachelors,Management,Yes,2,0-1 Miles,Pacific,65,No,Medium
16549,Single,Female,30000,3,Bachelors,Clerical,Yes,0,0-1 Miles,Europe,47,Yes,Medium
24305,Single,Male,100000,1,Bachelors,Management,No,3,0-1 Miles,Pacific,46,Yes,Very High
18253,Married,Female,80000,5,Graduate Degree,Management,Yes,3,0-1 Miles,Pacific,40,No,High
20147,Married,Female,30000,1,Bachelors,Clerical,Yes,0,0-1 Miles,Europe,65,No,Medium
15612,Single,Male,30000,0,High School,Manual,No,1,1-2 Miles,Europe,28,No,Medium
28323,Single,Male,70000,0,Bachelors,Professional,No,2,5-10 Miles,Pacific,43,Yes,High
22634,Single,Female,40000,0,Graduate Degree,Clerical,Yes,0,0-1 Miles,Europe,38,Yes,Medium
15665,Married,Female,30000,0,Bachelors,Clerical,Yes,0,0-1 Miles,Europe,47,Yes,Medium
27585,Married,Female,90000,2,Bachelors,Professional,No,0,0-1 Miles,Pacific,36,Yes,High
19748,Married,Male,20000,4,High School,Skilled Manual,No,2,1-2 Miles,Pacific,60,No,Low
21974,Single,Female,70000,0,Bachelors,Professional,Yes,1,5-10 Miles,Pacific,42,Yes,High
14032,Married,Male,70000,2,High School,Skilled Manual,No,2,1-2 Miles,Pacific,50,Yes,High
22610,Married,Male,30000,0,Bachelors,Clerical,Yes,0,0-1 Miles,Europe,35,Yes,Medium
26984,Married,Male,40000,1,Bachelors,Skilled Manual,Yes,1,0-1 Miles,Europe,32,Yes,Medium
18294,Married,Female,90000,1,Bachelors,Professional,Yes,1,5-10 Miles,Pacific,46,No,High
28564,Single,Female,40000,2,Partial College,Clerical,Yes,0,1-2 Miles,Europe,33,Yes,Medium
28521,Single,Male,40000,0,Graduate Degree,Clerical,No,0,0-1 Miles,Europe,36,Yes,Medium
15450,Married,Male,10000,1,Graduate Degree,Clerical,Yes,0,0-1 Miles,Europe,70,No,Low
25681,Single,Female,30000,0,Partial College,Clerical,No,1,2-5 Miles,Europe,31,Yes,Medium
19491,Single,Male,30000,2,Partial College,Clerical,Yes,2,0-1 Miles,Europe,42,No,Medium
26415,Married,Female,90000,4,Partial High School,Skilled Manual,Yes,4,10+ Miles,Europe,58,No,High
12821,Married,Male,40000,0,Bachelors,Clerical,Yes,0,0-1 Miles,Europe,39,No,Medium
15629,Single,Female,10000,0,Partial High School,Manual,Yes,2,1-2 Miles,Europe,34,No,Low
27835,Married,Male,20000,0,Partial High School,Manual,Yes,2,0-1 Miles,Europe,32,No,Low
11738,Married,Male,60000,4,Bachelors,Professional,Yes,0,2-5 Miles,North America,46,No,High
25065,Married,Male,70000,2,Partial High School,Skilled Manual,Yes,2,5-10 Miles,North America,48,No,High
26238,Single,Female,40000,3,Partial College,Clerical,Yes,1,1-2 Miles,North America,31,Yes,Medium
23707,Single,Male,70000,5,Bachelors,Management,Yes,3,10+ Miles,North America,60,Yes,High
27650,Married,Male,70000,4,High School,Professional,Yes,0,5-10 Miles,North America,51,No,High
24981,Married,Male,60000,2,Partial College,Professional,Yes,2,10+ Miles,North America,56,No,High
20678,Single,Female,60000,3,Bachelors,Skilled Manual,Yes,1,2-5 Miles,North America,40,Yes,High
15302,Single,Female,70000,1,Graduate Degree,Professional,Yes,0,2-5 Miles,North America,34,Yes,High
26012,Married,Male,80000,1,Partial College,Skilled Manual,Yes,1,2-5 Miles,North America,48,Yes,High
26575,Single,Female,40000,0,High School,Skilled Manual,No,2,1-2 Miles,North America,31,Yes,Medium
15559,Married,Male,60000,5,Bachelors,Professional,Yes,1,2-5 Miles,North America,47,No,High
19235,Married,Female,50000,0,Graduate Degree,Skilled Manual,Yes,0,0-1 Miles,North America,34,No,Medium
15275,Married,Male,40000,0,Partial College,Skilled Manual,Yes,1,5-10 Miles,North America,29,No,Medium
20339,Married,Female,130000,1,Bachelors,Management,Yes,4,2-5 Miles,North America,44,Yes,Very High
25405,Married,Male,70000,2,Bachelors,Skilled Manual,Yes,1,2-5 Miles,North America,38,Yes,High
15940,Married,Male,100000,4,Partial College,Professional,Yes,4,0-1 Miles,North America,40,No,Very High
25074,Married,Female,70000,4,Bachelors,Professional,Yes,2,2-5 Miles,North America,42,Yes,High
24738,Married,Female,40000,1,Partial College,Clerical,Yes,1,1-2 Miles,North America,51,Yes,Medium
16337,Married,Male,60000,0,Partial College,Skilled Manual,No,2,1-2 Miles,North America,29,No,High
24357,Married,Male,80000,3,Bachelors,Professional,Yes,1,2-5 Miles,North America,48,Yes,High
18613,Single,Male,70000,0,Bachelors,Professional,No,1,2-5 Miles,North America,37,Yes,High
12207,Single,Male,80000,4,Bachelors,Management,Yes,0,5-10 Miles,North America,66,Yes,High
18052,Married,Female,60000,1,Partial College,Skilled Manual,Yes,1,0-1 Miles,North America,45,Yes,High
13353,Single,Female,60000,4,Graduate Degree,Management,Yes,2,10+ Miles,North America,61,Yes,High
19399,Single,Male,40000,0,Bachelors,Professional,No,1,2-5 Miles,North America,45,No,Medium
16154,Married,Female,70000,5,Bachelors,Professional,Yes,2,2-5 Miles,North America,47,No,High
22219,Married,Female,60000,2,High School,Professional,Yes,2,5-10 Miles,North America,49,No,High
17269,Single,Male,60000,3,Bachelors,Professional,No,0,0-1 Miles,North America,47,Yes,High
23586,Married,Female,80000,0,Bachelors,Management,Yes,1,1-2 Miles,North America,34,Yes,High
15740,Married,Male,80000,5,Bachelors,Management,Yes,2,1-2 Miles,North America,64,No,High
27638,Single,Male,100000,1,Partial College,Professional,No,3,1-2 Miles,North America,44,No,Very High
18976,Single,Male,40000,4,High School,Professional,Yes,2,10+ Miles,North America,62,Yes,Medium
19413,Single,Male,60000,3,Bachelors,Professional,No,1,0-1 Miles,North America,47,Yes,High
13283,Married,Male,80000,3,Partial College,Professional,No,2,0-1 Miles,North America,49,Yes,High
17471,Single,Female,80000,4,Graduate Degree,Management,Yes,2,5-10 Miles,North America,67,No,High
16791,Single,Male,60000,5,Bachelors,Management,Yes,3,10+ Miles,North America,59,Yes,High
15382,Married,Female,110000,1,Bachelors,Management,Yes,2,1-2 Miles,North America,44,No,Very High
11641,Married,Male,50000,1,Bachelors,Skilled Manual,Yes,0,0-1 Miles,North America,36,No,Medium
11935,Single,Female,30000,0,Partial College,Skilled Manual,Yes,1,5-10 Miles,North America,28,No,Medium
13233,Married,Male,60000,2,Partial College,Professional,Yes,1,10+ Miles,North America,57,Yes,High
25909,Married,Male,60000,0,Partial College,Skilled Manual,Yes,1,5-10 Miles,North America,27,Yes,High
14092,Single,Male,30000,0,Partial High School,Clerical,Yes,2,5-10 Miles,North America,28,No,Medium
29143,Single,Female,60000,1,Bachelors,Professional,No,1,0-1 Miles,North America,44,Yes,High
24941,Married,Male,60000,3,Bachelors,Management,Yes,2,10+ Miles,North America,66,No,High
24637,Married,Male,40000,4,High School,Professional,Yes,2,10+ Miles,North America,64,No,Medium
23893,Married,Male,50000,3,Bachelors,Skilled Manual,Yes,3,10+ Miles,North America,41,No,Medium
13907,Single,Female,80000,3,Bachelors,Skilled Manual,Yes,1,0-1 Miles,North America,41,Yes,High
14900,Married,Female,40000,1,Partial College,Clerical,Yes,1,1-2 Miles,North America,49,Yes,Medium
11262,Married,Female,80000,4,Bachelors,Management,Yes,0,0-1 Miles,North America,42,No,High
22294,Single,Female,70000,0,Bachelors,Professional,No,1,2-5 Miles,North America,37,Yes,High
12195,Single,Female,70000,3,Graduate Degree,Management,Yes,2,1-2 Miles,North America,52,No,High
25375,Married,Male,50000,1,Graduate Degree,Skilled Manual,Yes,0,1-2 Miles,North America,34,No,Medium
11143,Married,Male,40000,0,High School,Skilled Manual,Yes,2,5-10 Miles,North America,29,No,Medium
25898,Married,Female,70000,2,High School,Professional,Yes,2,2-5 Miles,North America,53,No,High
24397,Single,Male,120000,2,Bachelors,Management,No,4,1-2 Miles,North America,40,No,Very High
19758,Single,Male,60000,0,Partial College,Skilled Manual,No,2,1-2 Miles,North America,29,No,High
15529,Married,Male,60000,4,Bachelors,Professional,Yes,2,2-5 Miles,North America,43,Yes,High
19884,Married,Male,60000,2,High School,Professional,Yes,2,2-5 Miles,North America,55,Yes,High
18674,Single,Female,80000,4,Graduate Degree,Skilled Manual,No,0,0-1 Miles,North America,48,No,High
13453,Married,Female,130000,3,Bachelors,Management,Yes,3,0-1 Miles,North America,45,Yes,Very High
14063,Single,Female,70000,0,Bachelors,Professional,No,1,0-1 Miles,Pacific,42,Yes,High
27393,Married,Female,50000,4,Bachelors,Management,Yes,2,10+ Miles,North America,63,No,Medium
14417,Single,Male,60000,3,High School,Professional,Yes,2,10+ Miles,North America,54,Yes,High
17533,Married,Male,40000,3,Partial College,Professional,No,2,5-10 Miles,North America,73,Yes,Medium
18580,Married,Female,60000,2,Graduate Degree,Professional,Yes,0,2-5 Miles,North America,40,Yes,High
17025,Single,Male,50000,0,Partial College,Skilled Manual,No,1,2-5 Miles,North America,39,Yes,Medium
25293,Married,Male,80000,4,Bachelors,Management,Yes,0,1-2 Miles,North America,42,No,High
24725,Married,Female,40000,3,Partial College,Clerical,Yes,0,1-2 Miles,North America,31,No,Medium
23200,Married,Female,50000,3,Bachelors,Skilled Manual,Yes,2,0-1 Miles,North America,41,No,Medium
15895,Single,Female,60000,2,Bachelors,Management,Yes,0,10+ Miles,North America,58,No,High
18577,Married,Female,60000,0,Graduate Degree,Professional,Yes,0,0-1 Miles,North America,40,No,High
27218,Married,Female,20000,2,Partial High School,Clerical,No,0,0-1 Miles,North America,48,No,Low
18560,Married,Female,70000,2,Graduate Degree,Professional,Yes,0,2-5 Miles,North America,34,Yes,High
25006,Single,Female,30000,0,Partial College,Skilled Manual,Yes,1,5-10 Miles,North America,28,No,Medium
17369,Single,Male,30000,0,Partial College,Skilled Manual,Yes,1,5-10 Miles,North America,27,No,Medium
14495,Married,Male,40000,3,Partial College,Professional,No,2,5-10 Miles,North America,54,Yes,Medium
18847,Married,Female,60000,2,Graduate Degree,Management,Yes,2,5-10 Miles,North America,70,No,High
14754,Married,Male,40000,1,Partial College,Clerical,Yes,1,1-2 Miles,North America,48,Yes,Medium
23378,Married,Male,70000,1,Partial College,Skilled Manual,Yes,1,2-5 Miles,North America,44,Yes,High
26452,Single,Male,50000,3,Graduate Degree,Management,Yes,2,10+ Miles,North America,69,No,Medium
20370,Married,Male,70000,3,Partial High School,Skilled Manual,Yes,2,5-10 Miles,North America,52,No,High
20528,Married,Male,40000,2,Partial High School,Skilled Manual,Yes,2,2-5 Miles,North America,55,No,Medium
23549,Single,Male,30000,0,High School,Skilled Manual,Yes,2,5-10 Miles,North America,30,No,Medium
21751,Married,Male,60000,3,Graduate Degree,Management,Yes,2,1-2 Miles,North America,63,No,High
21266,Single,Female,80000,0,Bachelors,Management,Yes,1,1-2 Miles,North America,34,Yes,High
13388,Single,Male,60000,2,Partial College,Professional,Yes,1,10+ Miles,North America,56,No,High
18752,Single,Female,40000,0,High School,Skilled Manual,Yes,1,5-10 Miles,North America,31,No,Medium
16917,Married,Male,120000,1,Bachelors,Management,Yes,4,0-1 Miles,North America,38,No,Very High
15313,Married,Male,60000,4,Bachelors,Management,Yes,2,2-5 Miles,North America,59,No,High
25329,Single,Female,40000,3,Partial College,Clerical,No,2,0-1 Miles,North America,32,No,Medium
20380,Married,Female,60000,3,Graduate Degree,Management,Yes,2,10+ Miles,North America,69,No,High
23089,Married,Male,40000,0,Partial College,Skilled Manual,Yes,1,5-10 Miles,North America,28,No,Medium
13749,Married,Male,80000,4,Graduate Degree,Skilled Manual,Yes,0,1-2 Miles,North America,47,No,High
24943,Married,Male,60000,3,Bachelors,Management,Yes,2,10+ Miles,North America,66,No,High
28667,Single,Male,70000,2,Bachelors,Skilled Manual,No,1,0-1 Miles,North America,37,Yes,High
15194,Single,Male,120000,2,Bachelors,Management,No,3,0-1 Miles,North America,39,Yes,Very High
17436,Married,Male,60000,2,High School,Professional,No,2,1-2 Miles,North America,51,No,High
18935,Married,Female,130000,0,Graduate Degree,Management,Yes,3,1-2 Miles,North America,40,No,Very High
16871,Married,Female,90000,2,High School,Professional,Yes,1,10+ Miles,North America,51,Yes,High
12100,Single,Male,60000,2,Bachelors,Management,Yes,0,10+ Miles,North America,57,No,High
23158,Married,Female,60000,1,Graduate Degree,Professional,No,0,0-1 Miles,North America,35,Yes,High
18545,Married,Male,40000,4,High School,Professional,No,2,10+ Miles,North America,61,Yes,Medium
18391,Single,Female,80000,5,Partial College,Professional,Yes,2,5-10 Miles,North America,44,No,High
19812,Single,Female,70000,2,Partial College,Professional,Yes,0,5-10 Miles,North America,49,Yes,High
27660,Married,Male,80000,4,Graduate Degree,Management,Yes,2,5-10 Miles,North America,70,No,High
18058,Single,Female,20000,3,High School,Skilled Manual,Yes,2,2-5 Miles,North America,78,No,Low
20343,Married,Female,90000,4,Partial College,Professional,Yes,1,1-2 Miles,North America,45,No,High
28997,Single,Male,40000,2,High School,Professional,No,1,2-5 Miles,North America,58,Yes,Medium
24398,Married,Male,130000,1,Graduate Degree,Management,Yes,4,0-1 Miles,North America,41,No,Very High
19002,Married,Female,60000,2,Partial College,Professional,Yes,1,2-5 Miles,North America,57,Yes,High
28609,Married,Male,30000,2,High School,Skilled Manual,No,2,0-1 Miles,North America,49,No,Medium
29231,Single,Male,80000,4,Partial College,Professional,No,2,0-1 Miles,North America,43,No,High
18858,Single,Male,60000,2,Partial High School,Skilled Manual,Yes,2,5-10 Miles,North America,52,Yes,High
20000,Married,Male,60000,1,Graduate Degree,Professional,Yes,0,0-1 Miles,North America,35,Yes,High
25261,Married,Male,40000,0,High School,Skilled Manual,Yes,2,5-10 Miles,North America,27,No,Medium
17458,Single,Male,70000,3,High School,Professional,Yes,0,5-10 Miles,North America,52,Yes,High
11644,Single,Male,40000,2,Bachelors,Skilled Manual,Yes,0,2-5 Miles,North America,36,No,Medium
16145,Single,Female,70000,5,Graduate Degree,Professional,Yes,3,10+ Miles,North America,46,Yes,High
16890,Married,Male,60000,3,Partial High School,Skilled Manual,Yes,2,5-10 Miles,North America,52,Yes,High
25983,Married,Male,70000,0,Bachelors,Professional,No,1,0-1 Miles,North America,43,No,High
14633,Married,Male,60000,1,Partial College,Skilled Manual,Yes,1,2-5 Miles,North America,44,No,High
22994,Married,Female,80000,0,Bachelors,Management,Yes,1,1-2 Miles,North America,34,Yes,High
22983,Single,Female,30000,0,Partial High School,Clerical,Yes,2,5-10 Miles,North America,27,No,Medium
25184,Single,Male,110000,1,Partial College,Professional,Yes,4,5-10 Miles,North America,45,Yes,Very High
14469,Married,Female,100000,3,Partial College,Professional,Yes,4,1-2 Miles,North America,45,No,Very High
11538,Single,Female,60000,4,Graduate Degree,Skilled Manual,No,0,0-1 Miles,North America,47,Yes,High
16245,Single,Female,80000,4,Graduate Degree,Skilled Manual,Yes,0,1-2 Miles,North America,47,No,High
17858,Married,Male,40000,4,High School,Skilled Manual,Yes,2,2-5 Miles,North America,44,Yes,Medium
25347,Single,Female,20000,3,Partial High School,Clerical,No,2,0-1 Miles,North America,49,No,Low
15814,Single,Female,40000,0,High School,Skilled Manual,Yes,1,5-10 Miles,North America,30,No,Medium
11259,Married,Female,100000,4,Partial College,Professional,Yes,4,2-5 Miles,North America,41,Yes,Very High
11200,Married,Male,70000,4,Bachelors,Management,Yes,1,1-2 Miles,North America,58,No,High
25101,Married,Male,60000,5,Bachelors,Professional,Yes,1,2-5 Miles,North America,47,No,High
21801,Married,Female,70000,4,Partial College,Professional,Yes,1,1-2 Miles,North America,55,No,High
25943,Single,Female,70000,0,Partial College,Skilled Manual,No,2,0-1 Miles,North America,27,Yes,High
22127,Married,Male,60000,3,Graduate Degree,Management,Yes,2,1-2 Miles,North America,67,No,High
20414,Married,Female,60000,0,Partial College,Skilled Manual,Yes,2,5-10 Miles,North America,29,No,High
23672,Married,Female,60000,3,Graduate Degree,Management,Yes,2,1-2 Miles,North America,67,No,High
29255,Single,Male,80000,3,Partial College,Professional,No,1,1-2 Miles,North America,51,Yes,High
28815,Married,Female,50000,1,Graduate Degree,Skilled Manual,Yes,0,0-1 Miles,North America,35,No,Medium
27753,Married,Male,40000,0,High School,Skilled Manual,No,2,1-2 Miles,North America,30,No,Medium
27643,Single,Male,70000,5,Partial College,Professional,Yes,3,2-5 Miles,North America,44,No,High
13754,Single,Female,80000,4,Graduate Degree,Skilled Manual,Yes,0,1-2 Miles,North America,48,No,High
22088,Married,Female,130000,1,Bachelors,Management,Yes,2,0-1 Miles,North America,45,Yes,Very High
27388,Married,Male,60000,3,Bachelors,Management,No,2,1-2 Miles,North America,66,No,High
24745,Single,Female,30000,2,High School,Skilled Manual,No,2,0-1 Miles,North America,49,No,Medium
29237,Single,Female,120000,4,Partial College,Professional,Yes,3,5-10 Miles,North America,43,Yes,Very High
15272,Single,Male,40000,0,High School,Skilled Manual,No,2,1-2 Miles,North America,30,No,Medium
18949,Single,Male,70000,0,Graduate Degree,Management,Yes,2,5-10 Miles,North America,74,Yes,High
14507,Married,Male,100000,2,Graduate Degree,Management,Yes,3,1-2 Miles,North America,65,No,Very High
25886,Married,Female,60000,2,Partial College,Professional,Yes,2,2-5 Miles,North America,56,Yes,High
21441,Married,Male,50000,4,Bachelors,Management,Yes,2,10+ Miles,North America,64,No,Medium
21741,Married,Female,70000,3,Partial College,Professional,Yes,2,5-10 Miles,North America,50,Yes,High
14572,Married,Female,70000,3,Graduate Degree,Professional,Yes,0,2-5 Miles,North America,35,Yes,High
23368,Married,Female,60000,5,Bachelors,Skilled Manual,Yes,3,10+ Miles,North America,41,No,High
16217,Single,Female,60000,0,Graduate Degree,Skilled Manual,Yes,0,0-1 Miles,North America,39,No,High
16247,Single,Female,60000,4,Graduate Degree,Skilled Manual,No,0,1-2 Miles,North America,47,No,High
22010,Single,Male,40000,0,High School,Skilled Manual,Yes,2,5-10 Miles,North America,31,No,Medium
25872,Single,Female,70000,2,Bachelors,Management,No,1,2-5 Miles,North America,58,Yes,High
19164,Single,Female,70000,0,Bachelors,Professional,No,1,2-5 Miles,North America,38,Yes,High
18435,Single,Female,70000,5,Graduate Degree,Management,Yes,2,10+ Miles,North America,67,Yes,High
14284,Single,Male,60000,0,Partial College,Professional,No,2,1-2 Miles,North America,32,Yes,High
11287,Married,Male,70000,5,Partial College,Professional,No,3,5-10 Miles,North America,45,No,High
13066,Single,Male,30000,0,High School,Skilled Manual,No,2,1-2 Miles,North America,31,Yes,Medium
29106,Single,Male,40000,0,High School,Skilled Manual,No,2,1-2 Miles,North America,31,Yes,Medium
26236,Married,Female,40000,3,Partial College,Clerical,Yes,1,0-1 Miles,North America,31,No,Medium
17531,Married,Male,60000,2,High School,Professional,No,2,5-10 Miles,North America,50,No,High
12964,Married,Male,70000,1,Partial College,Skilled Manual,Yes,1,0-1 Miles,North America,44,No,High
19133,Single,Male,50000,2,Bachelors,Skilled Manual,Yes,1,2-5 Miles,North America,38,Yes,Medium
24643,Single,Female,60000,4,Bachelors,Management,Yes,2,10+ Miles,North America,63,No,High
21599,Married,Female,60000,1,Graduate Degree,Professional,Yes,0,2-5 Miles,North America,36,Yes,High
22976,Single,Male,40000,0,High School,Skilled Manual,No,2,0-1 Miles,North America,28,Yes,Medium
27637,Single,Female,100000,1,Partial College,Professional,No,3,1-2 Miles,North America,44,No,Very High
11890,Married,Female,70000,5,Graduate Degree,Professional,Yes,1,0-1 Miles,North America,47,No,High
28580,Married,Female,80000,0,Graduate Degree,Skilled Manual,Yes,0,1-2 Miles,North America,40,Yes,High
14443,Married,Male,130000,1,Graduate Degree,Management,Yes,4,0-1 Miles,North America,40,No,Very High
17864,Married,Female,60000,1,Partial College,Skilled Manual,Yes,1,2-5 Miles,North America,46,Yes,High
20505,Married,Female,40000,5,High School,Professional,No,2,10+ Miles,North America,61,No,Medium
14592,Married,Female,60000,0,Graduate Degree,Professional,Yes,0,0-1 Miles,North America,40,No,High
22227,Married,Female,60000,2,High School,Professional,Yes,2,5-10 Miles,North America,50,No,High
21471,Married,Male,70000,2,Partial College,Professional,Yes,1,10+ Miles,North America,59,No,High
22252,Single,Female,60000,1,Graduate Degree,Professional,Yes,0,2-5 Miles,North America,36,Yes,High
21260,Single,Female,40000,0,High School,Skilled Manual,Yes,2,5-10 Miles,North America,30,No,Medium
11817,Single,Female,70000,4,Graduate Degree,Professional,Yes,0,2-5 Miles,North America,35,Yes,High
19223,Married,Female,30000,2,High School,Skilled Manual,Yes,2,1-2 Miles,North America,48,No,Medium
18517,Married,Male,100000,3,Bachelors,Management,Yes,4,0-1 Miles,North America,41,No,Very High
21717,Married,Male,40000,2,Partial College,Clerical,Yes,1,0-1 Miles,North America,47,No,Medium
13760,Married,Male,60000,4,Graduate Degree,Skilled Manual,No,0,0-1 Miles,North America,47,No,High
18145,Married,Male,80000,5,Bachelors,Management,No,2,2-5 Miles,Europe,62,No,High
21770,Married,Male,60000,4,Bachelors,Management,Yes,2,10+ Miles,North America,60,No,High
11165,Married,Female,60000,0,Partial College,Skilled Manual,No,1,1-2 Miles,North America,33,No,High
16377,Single,Female,80000,4,Graduate Degree,Skilled Manual,No,0,0-1 Miles,North America,47,No,High
26248,Married,Male,20000,3,Partial High School,Clerical,No,2,0-1 Miles,North America,52,No,Low
23461,Married,Female,90000,5,Partial College,Professional,Yes,3,2-5 Miles,North America,40,No,High
29133,Single,Female,60000,4,Bachelors,Skilled Manual,No,2,0-1 Miles,North America,42,No,High
27673,Single,Female,60000,3,Graduate Degree,Management,Yes,2,5-10 Miles,North America,53,Yes,High
12774,Married,Female,40000,1,Partial College,Clerical,Yes,1,1-2 Miles,North America,51,Yes,Medium
18910,Single,Male,30000,0,Partial College,Skilled Manual,Yes,2,5-10 Miles,North America,30,No,Medium
11699,Single,Male,60000,0,Bachelors,Skilled Manual,No,2,0-1 Miles,North America,30,No,High
16725,Married,Male,30000,0,High School,Skilled Manual,Yes,2,5-10 Miles,North America,26,No,Medium
28269,Single,Female,130000,1,Bachelors,Management,No,1,2-5 Miles,North America,45,No,Very High
23144,Married,Male,50000,1,Bachelors,Skilled Manual,Yes,0,0-1 Miles,North America,34,Yes,Medium
23376,Married,Male,70000,1,Bachelors,Professional,Yes,1,2-5 Miles,North America,44,Yes,High
25970,Single,Female,60000,4,Bachelors,Skilled Manual,No,2,0-1 Miles,North America,41,Yes,High
28068,Single,Female,80000,3,Graduate Degree,Professional,No,0,0-1 Miles,North America,36,Yes,High
18390,Married,Male,80000,5,Partial College,Professional,Yes,2,0-1 Miles,North America,44,No,High
29112,Single,Male,60000,0,Partial College,Professional,No,2,1-2 Miles,North America,30,No,High
14090,Married,Female,30000,0,Partial High School,Clerical,No,2,0-1 Miles,North America,28,No,Medium
27040,Married,Male,20000,2,Partial High School,Clerical,Yes,2,1-2 Miles,North America,49,No,Low
23479,Single,Male,90000,0,Partial College,Professional,No,2,0-1 Miles,North America,43,Yes,High
16795,Married,Female,70000,4,Bachelors,Management,Yes,1,1-2 Miles,North America,59,No,High
22014,Single,Male,30000,0,High School,Skilled Manual,Yes,2,5-10 Miles,North America,26,No,Medium
13314,Married,Male,120000,1,High School,Professional,Yes,4,5-10 Miles,North America,46,Yes,Very High
11619,Single,Female,50000,0,Graduate Degree,Skilled Manual,Yes,0,1-2 Miles,North America,33,No,Medium
29132,Single,Female,40000,0,Bachelors,Professional,Yes,1,2-5 Miles,North America,42,Yes,Medium
11199,Married,Female,70000,4,Bachelors,Management,Yes,1,10+ Miles,North America,59,No,High
20296,Single,Female,60000,0,Partial College,Skilled Manual,No,1,1-2 Miles,North America,33,Yes,High
17546,Married,Female,70000,1,Partial College,Skilled Manual,Yes,1,0-1 Miles,North America,44,Yes,High
18069,Married,Male,70000,5,Bachelors,Management,Yes,4,10+ Miles,North America,60,No,High
23712,Single,Female,70000,2,Bachelors,Management,Yes,1,10+ Miles,North America,59,No,High
23358,Married,Male,60000,0,High School,Professional,Yes,2,5-10 Miles,North America,32,Yes,High
20518,Married,Female,70000,2,Partial College,Professional,Yes,1,10+ Miles,North America,58,No,High
28026,Married,Female,40000,2,High School,Professional,No,2,2-5 Miles,North America,59,No,Medium
11669,Single,Female,70000,2,Bachelors,Skilled Manual,Yes,1,2-5 Miles,North America,38,No,High
16020,Married,Male,40000,0,High School,Skilled Manual,Yes,2,5-10 Miles,North America,28,Yes,Medium
27090,Married,Female,60000,1,Graduate Degree,Professional,Yes,0,2-5 Miles,North America,37,Yes,High
27198,Single,Female,80000,0,Graduate Degree,Skilled Manual,No,0,0-1 Miles,North America,40,No,High
19661,Single,Male,90000,4,Bachelors,Management,Yes,1,1-2 Miles,North America,38,Yes,High
26327,Married,Male,70000,4,Graduate Degree,Professional,Yes,0,2-5 Miles,North America,36,Yes,High
26341,Married,Female,70000,5,Graduate Degree,Professional,Yes,2,0-1 Miles,North America,37,No,High
24958,Single,Female,40000,5,High School,Professional,No,3,2-5 Miles,North America,60,Yes,Medium
13287,Single,Male,110000,4,Bachelors,Management,Yes,4,5-10 Miles,North America,42,Yes,Very High
14493,Single,Female,70000,3,Graduate Degree,Management,No,2,1-2 Miles,North America,53,No,High
26678,Single,Female,80000,2,Partial High School,Skilled Manual,Yes,2,5-10 Miles,North America,49,No,High
23275,Married,Male,30000,2,High School,Skilled Manual,Yes,2,1-2 Miles,North America,49,No,Medium
11270,Married,Male,130000,2,Graduate Degree,Management,Yes,3,0-1 Miles,North America,42,Yes,Very High
20084,Married,Male,20000,2,High School,Manual,No,2,0-1 Miles,North America,53,No,Low
16144,Married,Male,70000,1,Graduate Degree,Professional,Yes,1,0-1 Miles,North America,46,Yes,High
27731,Married,Male,40000,0,High School,Skilled Manual,Yes,2,5-10 Miles,North America,27,No,Medium
11886,Married,Female,60000,3,Bachelors,Professional,Yes,1,0-1 Miles,North America,48,Yes,High
24324,Single,Female,60000,4,Bachelors,Skilled Manual,Yes,2,2-5 Miles,North America,41,Yes,High
22220,Married,Male,60000,2,High School,Professional,No,2,1-2 Miles,North America,49,Yes,High
26625,Single,Female,60000,0,Graduate Degree,Professional,Yes,1,2-5 Miles,North America,38,Yes,High
23027,Single,Male,130000,1,Bachelors,Management,No,4,0-1 Miles,North America,44,No,Very High
16867,Single,Female,130000,1,Bachelors,Management,No,3,0-1 Miles,North America,45,Yes,Very High
14514,Single,Female,30000,0,Partial College,Skilled Manual,Yes,1,5-10 Miles,North America,26,No,Medium
19634,Married,Male,40000,0,High School,Skilled Manual,Yes,1,5-10 Miles,North America,31,No,Medium
18504,Married,Male,70000,2,Partial High School,Skilled Manual,No,2,1-2 Miles,North America,49,No,High
28799,Single,Female,40000,2,Partial College,Clerical,No,1,1-2 Miles,North America,47,Yes,Medium
11225,Married,Female,60000,2,Partial College,Professional,Yes,1,10+ Miles,North America,55,No,High
17657,Married,Male,40000,4,Partial College,Clerical,No,0,0-1 Miles,North America,30,No,Medium
14913,Married,Female,40000,1,Partial College,Clerical,Yes,1,1-2 Miles,North America,48,Yes,Medium
14077,Single,Male,30000,0,High School,Skilled Manual,Yes,2,5-10 Miles,North America,30,No,Medium
13296,Married,Male,110000,1,Bachelors,Management,Yes,3,5-10 Miles,North America,45,No,Very High
20535,Married,Female,70000,4,Partial College,Professional,Yes,1,10+ Miles,North America,56,No,High
12452,Married,Male,60000,4,Graduate Degree,Skilled Manual,Yes,0,1-2 Miles,North America,47,Yes,High
28043,Married,Female,60000,2,Bachelors,Management,Yes,0,10+ Miles,North America,56,No,High
12957,Single,Female,70000,1,Bachelors,Professional,No,1,0-1 Miles,North America,44,No,High
15412,Married,Male,130000,2,Graduate Degree,Management,Yes,3,2-5 Miles,North America,69,No,Very High
20514,Married,Female,70000,2,Partial College,Professional,Yes,1,2-5 Miles,North America,59,No,High
20758,Married,Male,30000,2,High School,Skilled Manual,Yes,2,1-2 Miles,North America,50,No,Medium
11801,Married,Male,60000,1,Graduate Degree,Professional,Yes,0,2-5 Miles,North America,36,No,High
22211,Married,Male,60000,0,Partial College,Professional,Yes,2,5-10 Miles,North America,32,No,High
28087,Single,Female,40000,0,Partial College,Skilled Manual,No,1,1-2 Miles,North America,27,No,Medium
23668,Married,Female,40000,4,High School,Professional,Yes,2,5-10 Miles,North America,59,Yes,Medium
27441,Married,Male,60000,3,High School,Professional,No,2,2-5 Miles,North America,53,No,High
27261,Married,Male,40000,1,Bachelors,Skilled Manual,No,1,0-1 Miles,North America,36,Yes,Medium
18649,Single,Male,30000,1,High School,Clerical,Yes,2,1-2 Miles,North America,51,Yes,Medium
21714,Single,Female,80000,5,Graduate Degree,Skilled Manual,No,0,0-1 Miles,North America,47,No,High
23217,Single,Female,60000,3,Graduate Degree,Professional,Yes,0,2-5 Miles,North America,43,Yes,High
23797,Single,Male,20000,3,Partial High School,Clerical,No,2,0-1 Miles,North America,50,No,Low
13216,Married,Female,60000,5,Bachelors,Management,Yes,3,10+ Miles,North America,59,No,High
20657,Single,Male,50000,2,Bachelors,Skilled Manual,Yes,0,2-5 Miles,North America,37,Yes,Medium
12882,Married,Male,50000,1,Graduate Degree,Skilled Manual,Yes,0,0-1 Miles,North America,33,Yes,Medium
25908,Married,Female,60000,0,Partial College,Skilled Manual,No,1,1-2 Miles,North America,27,No,High
16753,Single,Female,70000,0,Partial College,Skilled Manual,Yes,2,5-10 Miles,North America,34,Yes,High
14608,Married,Male,50000,4,Bachelors,Skilled Manual,Yes,3,10+ Miles,North America,42,No,Medium
24979,Married,Female,60000,2,Partial College,Professional,Yes,2,2-5 Miles,North America,57,Yes,High
13313,Married,Female,120000,1,High School,Professional,No,4,2-5 Miles,North America,45,No,Very High
18952,Married,Female,100000,4,Bachelors,Management,Yes,4,0-1 Miles,North America,40,No,Very High
17699,Married,Male,60000,1,Graduate Degree,Skilled Manual,No,0,0-1 Miles,North America,55,No,High
14657,Married,Male,80000,1,Partial College,Skilled Manual,No,1,0-1 Miles,North America,47,Yes,High
11540,Single,Male,60000,4,Graduate Degree,Skilled Manual,Yes,0,1-2 Miles,North America,47,Yes,High
11783,Married,Female,60000,1,Graduate Degree,Skilled Manual,Yes,0,0-1 Miles,North America,34,No,High
14602,Married,Female,80000,3,Graduate Degree,Professional,Yes,0,0-1 Miles,North America,36,Yes,High
29030,Married,Male,70000,2,Partial High School,Skilled Manual,Yes,2,10+ Miles,North America,54,No,High
26490,Single,Male,70000,2,Bachelors,Management,No,1,2-5 Miles,North America,59,Yes,High
13151,Single,Male,40000,0,High School,Skilled Manual,Yes,2,5-10 Miles,North America,27,No,Medium
17260,Married,Male,90000,5,Partial College,Professional,Yes,3,0-1 Miles,North America,41,No,High
15372,Married,Male,80000,3,Partial College,Professional,No,2,2-5 Miles,North America,50,Yes,High
18105,Married,Female,60000,2,Partial College,Professional,Yes,1,10+ Miles,North America,55,No,High
19660,Married,Male,80000,4,Bachelors,Management,Yes,0,0-1 Miles,North America,43,No,High
16112,Single,Male,70000,4,Bachelors,Professional,Yes,2,2-5 Miles,North America,43,Yes,High
20698,Married,Male,60000,4,Bachelors,Skilled Manual,Yes,3,5-10 Miles,North America,42,No,High
20076,Single,Female,10000,2,High School,Manual,Yes,2,1-2 Miles,North America,53,Yes,Low
24496,Single,Female,40000,0,High School,Skilled Manual,No,2,0-1 Miles,North America,28,Yes,Medium
15468,Married,Female,50000,1,Bachelors,Skilled Manual,Yes,1,0-1 Miles,North America,35,No,Medium
28031,Single,Female,70000,2,Bachelors,Management,No,1,2-5 Miles,North America,59,Yes,High
26270,Single,Female,20000,2,Partial High School,Clerical,Yes,2,1-2 Miles,North America,49,No,Low
22221,Married,Male,60000,2,High School,Professional,No,2,1-2 Miles,North America,48,Yes,High
28228,Single,Female,80000,2,Partial High School,Skilled Manual,No,2,1-2 Miles,North America,50,No,High
18363,Married,Male,40000,0,High School,Skilled Manual,Yes,2,5-10 Miles,North America,28,Yes,Medium
23256,Single,Male,30000,1,High School,Clerical,No,1,5-10 Miles,North America,52,No,Medium
12768,Married,Male,30000,1,High School,Clerical,Yes,1,2-5 Miles,North America,52,Yes,Medium
20361,Married,Male,50000,2,Graduate Degree,Management,Yes,2,5-10 Miles,North America,69,No,Medium
21306,Single,Male,60000,2,High School,Professional,Yes,2,5-10 Miles,North America,51,No,High
13382,Married,Male,70000,5,Partial College,Professional,Yes,2,1-2 Miles,North America,57,Yes,High
20310,Single,Male,60000,0,Partial College,Skilled Manual,Yes,1,5-10 Miles,North America,27,Yes,High
22971,Single,Female,30000,0,High School,Skilled Manual,No,2,0-1 Miles,North America,25,Yes,Medium
15287,Single,Female,50000,1,Graduate Degree,Skilled Manual,Yes,0,1-2 Miles,North America,33,Yes,Medium
15532,Single,Male,60000,4,Bachelors,Professional,Yes,2,2-5 Miles,North America,43,Yes,High
11255,Married,Male,70000,4,Graduate Degree,Management,Yes,2,5-10 Miles,North America,73,No,High
28090,Married,Male,40000,0,Partial College,Skilled Manual,Yes,1,5-10 Miles,North America,27,No,Medium
15255,Married,Male,40000,0,High School,Skilled Manual,Yes,2,5-10 Miles,North America,28,Yes,Medium
13154,Married,Male,40000,0,High School,Skilled Manual,No,2,0-1 Miles,North America,27,Yes,Medium
26778,Single,Female,40000,0,High School,Skilled Manual,Yes,2,5-10 Miles,North America,31,No,Medium
23248,Married,Female,10000,2,High School,Manual,Yes,2,1-2 Miles,North America,53,No,Low
21417,Single,Female,60000,0,Partial College,Professional,No,2,1-2 Miles,North America,32,Yes,High
17668,Single,Male,30000,2,High School,Skilled Manual,Yes,2,1-2 Miles,North America,50,Yes,Medium
27994,Married,Female,40000,4,High School,Professional,Yes,2,5-10 Miles,North America,69,No,Medium
20376,Single,Female,70000,3,Graduate Degree,Management,Yes,2,5-10 Miles,North America,52,Yes,High
25954,Married,Male,60000,0,Partial College,Skilled Manual,No,2,1-2 Miles,North America,31,No,High
15749,Single,Female,70000,4,Bachelors,Management,Yes,2,10+ Miles,North America,61,No,High
25899,Married,Female,70000,2,High School,Professional,Yes,2,10+ Miles,North America,53,No,High
13351,Single,Female,70000,4,Bachelors,Management,Yes,2,1-2 Miles,North America,62,Yes,High
23333,Married,Male,40000,0,Partial College,Skilled Manual,No,2,1-2 Miles,North America,30,No,Medium
21660,Married,Female,60000,3,Graduate Degree,Professional,Yes,0,2-5 Miles,North America,43,Yes,High
17012,Married,Female,60000,3,Graduate Degree,Professional,Yes,0,2-5 Miles,North America,42,Yes,High
24514,Married,Male,40000,0,Partial College,Skilled Manual,Yes,1,5-10 Miles,North America,30,No,Medium
27505,Single,Female,40000,0,High School,Skilled Manual,Yes,2,5-10 Miles,North America,30,No,Medium
29243,Single,Male,110000,1,Bachelors,Management,Yes,1,5-10 Miles,North America,43,No,Very High
26582,Married,Male,60000,0,Partial College,Skilled Manual,Yes,2,5-10 Miles,North America,33,Yes,High
14271,Married,Male,30000,0,High School,Skilled Manual,Yes,2,5-10 Miles,North America,32,No,Medium
23041,Single,Female,70000,4,High School,Professional,Yes,0,5-10 Miles,North America,50,Yes,High
29048,Single,Male,110000,2,Bachelors,Management,No,3,0-1 Miles,North America,37,Yes,Very High
24433,Married,Male,70000,3,High School,Professional,No,1,1-2 Miles,North America,52,Yes,High
15501,Married,Male,70000,4,Graduate Degree,Professional,Yes,0,2-5 Miles,North America,36,Yes,High
13911,Single,Female,80000,3,Bachelors,Skilled Manual,Yes,2,2-5 Miles,North America,41,Yes,High
20421,Single,Female,40000,0,Partial High School,Clerical,Yes,2,5-10 Miles,North America,26,No,Medium
16009,Single,Male,170000,1,Graduate Degree,Management,No,4,0-1 Miles,North America,66,No,Very High
18411,Married,Male,60000,2,High School,Professional,No,2,5-10 Miles,North America,51,No,High
19163,Married,Female,70000,4,Bachelors,Professional,Yes,2,0-1 Miles,North America,43,Yes,High
18572,Married,Female,60000,0,Graduate Degree,Professional,Yes,0,0-1 Miles,North America,39,No,High
27540,Single,Female,70000,0,Bachelors,Professional,No,1,0-1 Miles,North America,37,Yes,High
19889,Single,Female,70000,2,Partial High School,Skilled Manual,No,2,2-5 Miles,North America,54,Yes,High
12922,Single,Female,60000,3,Bachelors,Skilled Manual,Yes,0,2-5 Miles,North America,40,Yes,High
18891,Married,Female,40000,0,Partial College,Skilled Manual,Yes,2,5-10 Miles,North America,28,No,Medium
16773,Married,Male,60000,1,Graduate Degree,Skilled Manual,Yes,0,0-1 Miles,North America,33,No,High
19143,Single,Female,80000,3,Bachelors,Skilled Manual,Yes,2,2-5 Miles,North America,41,Yes,High
23882,Single,Female,80000,3,Graduate Degree,Professional,Yes,0,0-1 Miles,North America,37,Yes,High
11233,Married,Male,70000,4,Partial College,Professional,Yes,2,10+ Miles,North America,53,No,High
12056,Married,Male,120000,2,Graduate Degree,Management,Yes,3,5-10 Miles,North America,64,No,Very High
15555,Married,Female,60000,1,Partial College,Skilled Manual,Yes,1,2-5 Miles,North America,45,Yes,High
18423,Single,Male,80000,2,Partial High School,Skilled Manual,No,2,1-2 Miles,North America,52,No,High
22743,Married,Female,40000,5,High School,Professional,Yes,2,10+ Miles,North America,60,No,Medium
25343,Single,Female,20000,3,Partial High School,Clerical,Yes,2,1-2 Miles,North America,50,No,Low
13390,Married,Female,70000,4,Partial College,Professional,No,1,1-2 Miles,North America,56,No,High
17482,Single,Female,40000,0,Partial High School,Clerical,Yes,2,5-10 Miles,North America,29,No,Medium
13176,Single,Male,130000,0,Graduate Degree,Management,No,2,0-1 Miles,North America,38,Yes,Very High
20504,Married,Female,40000,5,High School,Professional,No,2,2-5 Miles,North America,60,No,Medium
12205,Single,Female,130000,2,Bachelors,Management,No,4,0-1 Miles,North America,67,No,Very High
16751,Married,Male,60000,0,Partial College,Skilled Manual,Yes,1,5-10 Miles,North America,32,Yes,High
21613,Single,Male,50000,2,Bachelors,Skilled Manual,No,1,0-1 Miles,North America,39,Yes,Medium
24801,Single,Male,60000,1,Graduate Degree,Professional,Yes,0,2-5 Miles,North America,35,Yes,High
17519,Married,Female,60000,0,Partial College,Professional,Yes,2,5-10 Miles,North America,32,No,High
18347,Single,Female,30000,0,Partial College,Skilled Manual,No,1,1-2 Miles,North America,31,No,Medium
29052,Single,Male,40000,0,Partial College,Skilled Manual,Yes,1,5-10 Miles,North America,27,No,Medium
11745,Married,Female,60000,1,Bachelors,Professional,Yes,1,0-1 Miles,North America,47,Yes,High
19147,Married,Male,40000,0,Bachelors,Professional,No,1,0-1 Miles,North America,42,No,Medium
19217,Married,Male,30000,2,High School,Skilled Manual,Yes,2,1-2 Miles,North America,49,No,Medium
15839,Single,Male,30000,0,Partial College,Skilled Manual,Yes,1,5-10 Miles,North America,32,No,Medium
13714,Married,Female,20000,2,High School,Manual,No,2,1-2 Miles,North America,53,Yes,Low
22330,Married,Male,50000,0,Graduate Degree,Skilled Manual,Yes,0,1-2 Miles,North America,32,Yes,Medium
18783,Single,Male,80000,0,Bachelors,Management,No,1,0-1 Miles,North America,38,Yes,High
25041,Single,Male,40000,0,High School,Skilled Manual,Yes,2,5-10 Miles,North America,31,No,Medium
22046,Single,Female,80000,0,Bachelors,Management,No,1,0-1 Miles,North America,38,Yes,High
28052,Married,Male,60000,2,High School,Professional,Yes,2,10+ Miles,North America,55,No,High
26693,Married,Male,70000,3,Partial College,Professional,Yes,1,5-10 Miles,North America,49,No,High
24955,Single,Male,30000,5,Partial High School,Skilled Manual,Yes,3,10+ Miles,North America,60,Yes,Medium
26065,Single,Female,110000,3,Bachelors,Management,No,4,1-2 Miles,North America,42,No,Very High
13942,Married,Male,60000,1,Partial College,Skilled Manual,Yes,1,0-1 Miles,North America,46,No,High
11219,Married,Male,60000,2,High School,Professional,Yes,2,10+ Miles,North America,55,No,High
22118,Single,Female,70000,3,Graduate Degree,Management,Yes,2,5-10 Miles,North America,53,Yes,High
23197,Married,Male,50000,3,Bachelors,Skilled Manual,Yes,2,2-5 Miles,North America,40,No,Medium
14883,Married,Female,30000,1,Bachelors,Skilled Manual,Yes,1,5-10 Miles,North America,53,Yes,Medium
27279,Single,Female,70000,2,Bachelors,Skilled Manual,Yes,0,2-5 Miles,North America,38,Yes,High
18322,Single,Male,30000,0,Partial High School,Clerical,No,2,0-1 Miles,North America,26,No,Medium
15879,Married,Male,70000,5,Bachelors,Management,Yes,2,2-5 Miles,North America,61,No,High
28278,Married,Male,50000,2,Graduate Degree,Management,Yes,2,5-10 Miles,North America,71,No,Medium
24416,Married,Male,90000,4,High School,Professional,Yes,2,1-2 Miles,North America,45,No,High
28066,Married,Male,80000,2,Graduate Degree,Professional,Yes,0,0-1 Miles,North America,37,Yes,High
11275,Married,Female,80000,4,Graduate Degree,Management,Yes,2,0-1 Miles,North America,72,Yes,High
14872,Married,Male,30000,0,Graduate Degree,Skilled Manual,Yes,0,0-1 Miles,North America,32,No,Medium
16151,Married,Female,60000,1,Bachelors,Professional,Yes,1,2-5 Miles,North America,48,Yes,High
19731,Married,Male,80000,4,Graduate Degree,Management,Yes,2,5-10 Miles,North America,68,No,High
23801,Married,Female,20000,2,Partial High School,Clerical,Yes,2,0-1 Miles,North America,49,No,Low
11807,Married,Male,70000,3,Graduate Degree,Professional,Yes,0,2-5 Miles,North America,34,No,High
11622,Married,Male,50000,0,Graduate Degree,Skilled Manual,Yes,0,0-1 Miles,North America,32,No,Medium
26597,Single,Female,60000,4,Bachelors,Skilled Manual,No,2,0-1 Miles,North America,42,No,High
27074,Married,Female,70000,1,Graduate Degree,Skilled Manual,Yes,0,0-1 Miles,North America,35,Yes,High
19228,Married,Female,40000,2,Partial College,Clerical,Yes,1,0-1 Miles,North America,48,No,Medium
13415,Single,Male,100000,1,Graduate Degree,Management,Yes,3,2-5 Miles,North America,73,Yes,Very High
17000,Single,Female,70000,4,Bachelors,Skilled Manual,Yes,2,2-5 Miles,North America,43,Yes,High
14569,Married,Male,60000,1,Graduate Degree,Professional,Yes,0,0-1 Miles,North America,35,No,High
13873,Married,Male,70000,3,Graduate Degree,Professional,Yes,0,0-1 Miles,North America,35,Yes,High
20401,Married,Female,50000,4,Bachelors,Management,Yes,2,1-2 Miles,North America,64,Yes,Medium
21583,Married,Female,50000,1,Bachelors,Skilled Manual,Yes,0,0-1 Miles,North America,34,Yes,Medium
12029,Married,Male,30000,0,Partial High School,Clerical,No,2,0-1 Miles,North America,28,No,Medium
18066,Single,Male,70000,5,Bachelors,Management,Yes,3,10+ Miles,North America,60,Yes,High
28192,Married,Female,70000,5,Graduate Degree,Professional,Yes,3,10+ Miles,North America,46,No,High
16122,Married,Male,40000,4,High School,Skilled Manual,Yes,2,0-1 Miles,North America,44,Yes,Medium
18607,Single,Female,60000,4,Bachelors,Skilled Manual,Yes,2,2-5 Miles,North America,42,Yes,High
28858,Single,Male,80000,3,Bachelors,Skilled Manual,Yes,0,2-5 Miles,North America,40,No,High
14432,Single,Male,90000,4,Graduate Degree,Management,Yes,1,5-10 Miles,North America,73,No,High
26305,Single,Female,60000,2,Bachelors,Skilled Manual,No,0,0-1 Miles,North America,36,Yes,High
22050,Single,Male,90000,4,Bachelors,Management,Yes,1,1-2 Miles,North America,38,Yes,High
25394,Married,Male,60000,1,Graduate Degree,Professional,Yes,0,2-5 Miles,North America,34,Yes,High
19747,Married,Male,50000,4,Bachelors,Management,Yes,2,10+ Miles,North America,63,No,Medium
23195,Single,Male,50000,3,Bachelors,Skilled Manual,Yes,2,2-5 Miles,North America,41,Yes,Medium
21695,Married,Male,60000,0,Graduate Degree,Skilled Manual,Yes,0,1-2 Miles,North America,39,Yes,High
13934,Married,Male,40000,4,High School,Skilled Manual,Yes,2,2-5 Miles,North America,46,No,Medium
13337,Married,Female,80000,5,Bachelors,Management,Yes,2,5-10 Miles,North America,64,No,High
27190,Married,Female,40000,3,Partial College,Clerical,Yes,1,1-2 Miles,North America,32,No,Medium
28657,Single,Male,60000,2,Bachelors,Skilled Manual,Yes,0,2-5 Miles,North America,36,Yes,High
21713,Single,Male,80000,5,Graduate Degree,Skilled Manual,No,0,0-1 Miles,North America,47,No,High
21752,Married,Male,60000,3,Graduate Degree,Management,Yes,2,10+ Miles,North America,64,No,High
27273,Single,Male,70000,3,Graduate Degree,Professional,No,0,0-1 Miles,North America,35,Yes,High
22719,Single,Male,110000,3,Bachelors,Management,Yes,4,2-5 Miles,North America,40,Yes,Very High
22042,Married,Female,70000,0,Partial College,Skilled Manual,Yes,2,5-10 Miles,North America,34,Yes,High
21451,Married,Female,40000,4,High School,Professional,Yes,2,10+ Miles,North America,61,No,Medium
20754,Married,Male,30000,2,High School,Skilled Manual,Yes,2,1-2 Miles,North America,51,No,Medium
12153,Single,Female,70000,3,Partial College,Professional,Yes,1,5-10 Miles,North America,49,Yes,High
16895,Married,Female,40000,3,Partial College,Professional,No,2,1-2 Miles,North America,54,Yes,Medium
26728,Single,Male,70000,3,Graduate Degree,Management,No,2,1-2 Miles,North America,53,Yes,High
11090,Single,Male,90000,2,Partial College,Professional,Yes,1,2-5 Miles,North America,48,Yes,High
15862,Single,Female,50000,0,Graduate Degree,Skilled Manual,Yes,0,1-2 Miles,North America,33,Yes,Medium
26495,Single,Female,40000,2,High School,Professional,Yes,2,10+ Miles,North America,57,No,Medium
11823,Married,Female,70000,0,Graduate Degree,Professional,Yes,0,2-5 Miles,North America,39,No,High
23449,Married,Male,60000,2,High School,Professional,Yes,2,5-10 Miles,North America,48,No,High
23459,Married,Male,60000,2,High School,Professional,Yes,2,5-10 Miles,North America,50,No,High
19543,Married,Male,70000,5,Graduate Degree,Professional,No,3,10+ Miles,North America,47,No,High
14914,Married,Female,40000,1,Partial College,Clerical,Yes,1,1-2 Miles,North America,49,Yes,Medium
12033,Single,Female,40000,0,High School,Skilled Manual,No,2,0-1 Miles,North America,27,Yes,Medium
11941,Single,Male,60000,0,Partial College,Skilled Manual,Yes,0,5-10 Miles,North America,29,No,High
14389,Married,Male,60000,2,Bachelors,Management,Yes,0,2-5 Miles,North America,59,No,High
18050,Married,Female,60000,1,Partial College,Skilled Manual,Yes,1,0-1 Miles,North America,45,Yes,High
19856,Married,Female,60000,4,Bachelors,Management,Yes,2,2-5 Miles,North America,60,No,High
11663,Married,Male,70000,4,Graduate Degree,Professional,Yes,0,0-1 Miles,North America,36,Yes,High
27740,Married,Female,40000,0,High School,Skilled Manual,Yes,2,5-10 Miles,North America,27,No,Medium
23455,Single,Male,80000,2,Partial High School,Skilled Manual,No,2,1-2 Miles,North America,50,No,High
15292,Single,Female,60000,1,Graduate Degree,Skilled Manual,Yes,0,1-2 Miles,North America,35,No,High
21587,Married,Female,60000,1,Graduate Degree,Skilled Manual,Yes,0,2-5 Miles,North America,34,Yes,High
23513,Married,Female,40000,3,Partial College,Professional,Yes,2,5-10 Miles,North America,54,No,Medium
24322,Married,Female,60000,4,Bachelors,Skilled Manual,No,2,0-1 Miles,North America,42,No,High
26298,Married,Female,50000,1,Bachelors,Skilled Manual,Yes,0,2-5 Miles,North America,34,Yes,Medium
25419,Single,Male,50000,2,Bachelors,Skilled Manual,No,1,0-1 Miles,North America,38,Yes,Medium
13343,Married,Female,90000,5,Bachelors,Management,Yes,2,1-2 Miles,North America,63,Yes,High
11303,Single,Female,90000,4,High School,Professional,No,3,1-2 Miles,North America,45,Yes,High
21693,Single,Female,60000,0,Graduate Degree,Skilled Manual,No,0,0-1 Miles,North America,40,No,High
28056,Married,Male,70000,2,Partial High School,Skilled Manual,Yes,2,10+ Miles,North America,53,No,High
11788,Single,Female,70000,1,Graduate Degree,Professional,Yes,0,2-5 Miles,North America,34,No,High
22296,Married,Male,70000,0,Bachelors,Professional,No,1,0-1 Miles,North America,38,No,High
15319,Married,Female,70000,4,Bachelors,Management,No,1,1-2 Miles,North America,59,No,High
17654,Single,Female,40000,3,Partial College,Clerical,Yes,1,1-2 Miles,North America,30,Yes,Medium
14662,Married,Male,60000,1,Bachelors,Professional,Yes,1,0-1 Miles,North America,48,Yes,High
17541,Married,Female,40000,4,High School,Skilled Manual,Yes,2,2-5 Miles,North America,43,No,Medium
13886,Married,Female,70000,4,Graduate Degree,Professional,Yes,0,2-5 Miles,North America,35,Yes,High
13073,Married,Female,60000,0,Partial College,Professional,Yes,2,5-10 Miles,North America,30,No,High
21940,Married,Male,90000,5,Graduate Degree,Professional,Yes,0,0-1 Miles,North America,47,Yes,High
20196,Married,Male,60000,1,Partial College,Skilled Manual,Yes,1,2-5 Miles,North America,45,Yes,High
23491,Single,Male,100000,0,Partial College,Professional,No,4,1-2 Miles,North America,45,No,Very High
16651,Married,Female,120000,2,Bachelors,Management,Yes,3,5-10 Miles,North America,62,No,Very High
16813,Married,Male,60000,2,Partial College,Professional,Yes,2,10+ Miles,North America,55,No,High
16007,Married,Female,90000,5,Bachelors,Management,Yes,2,1-2 Miles,North America,66,Yes,High
27434,Single,Male,70000,4,Partial College,Professional,Yes,1,10+ Miles,North America,56,No,High
27756,Single,Female,50000,3,Bachelors,Skilled Manual,No,1,0-1 Miles,North America,40,No,Medium
23818,Married,Female,50000,0,Graduate Degree,Skilled Manual,Yes,0,1-2 Miles,North America,33,Yes,Medium
19012,Married,Male,80000,3,Bachelors,Management,Yes,1,1-2 Miles,North America,56,No,High
18329,Single,Male,30000,0,Partial High School,Clerical,No,2,5-10 Miles,North America,27,No,Medium
29037,Married,Male,60000,0,Graduate Degree,Professional,No,0,0-1 Miles,North America,39,No,High
26576,Married,Female,60000,0,Partial College,Skilled Manual,Yes,2,5-10 Miles,North America,31,No,High
12192,Single,Female,60000,2,Partial High School,Skilled Manual,No,2,1-2 Miles,North America,51,No,High
14887,Married,Female,30000,1,High School,Clerical,Yes,1,5-10 Miles,North America,52,No,Medium
11734,Married,Male,60000,1,Partial College,Skilled Manual,No,1,0-1 Miles,North America,47,No,High
17462,Married,Male,70000,3,Graduate Degree,Management,Yes,2,5-10 Miles,North America,53,Yes,High
20659,Married,Male,70000,3,Graduate Degree,Professional,Yes,0,0-1 Miles,North America,35,Yes,High
28004,Married,Female,60000,3,Bachelors,Management,Yes,2,10+ Miles,North America,66,No,High
19741,Single,Female,80000,4,Graduate Degree,Management,Yes,2,5-10 Miles,North America,65,No,High
17450,Married,Male,80000,5,Partial College,Professional,Yes,3,5-10 Miles,North America,45,No,High
17337,Single,Male,40000,0,High School,Skilled Manual,Yes,1,5-10 Miles,North America,31,No,Medium
18594,Single,Female,80000,3,Bachelors,Skilled Manual,Yes,3,10+ Miles,North America,40,Yes,High
15982,Married,Male,110000,5,Partial College,Professional,Yes,4,2-5 Miles,North America,46,No,Very High
28625,Single,Male,40000,2,Partial College,Clerical,No,1,1-2 Miles,North America,47,Yes,Medium
11269,Married,Male,130000,2,Graduate Degree,Management,Yes,2,0-1 Miles,North America,41,No,Very High
25148,Married,Male,60000,2,High School,Professional,No,2,1-2 Miles,North America,48,Yes,High
13920,Single,Female,50000,4,Bachelors,Skilled Manual,Yes,2,0-1 Miles,North America,42,No,Medium
23704,Single,Male,40000,5,High School,Professional,Yes,4,10+ Miles,North America,60,Yes,Medium
28972,Single,Female,60000,3,Graduate Degree,Management,Yes,2,10+ Miles,North America,66,No,High
22730,Married,Male,70000,5,Bachelors,Management,Yes,2,10+ Miles,North America,63,No,High
29134,Married,Male,60000,4,Bachelors,Skilled Manual,No,3,10+ Miles,North America,42,No,High
14332,Single,Female,30000,0,High School,Skilled Manual,No,2,5-10 Miles,North America,26,No,Medium
19117,Single,Female,60000,1,Graduate Degree,Professional,Yes,0,2-5 Miles,North America,36,Yes,High
22864,Married,Male,90000,2,Partial College,Professional,No,0,5-10 Miles,North America,49,Yes,High
11292,Single,Male,150000,1,Partial College,Professional,No,3,0-1 Miles,North America,44,Yes,Very High
13466,Married,Male,80000,5,Partial College,Professional,Yes,3,1-2 Miles,North America,46,No,High
23731,Married,Male,60000,2,High School,Professional,Yes,2,2-5 Miles,North America,54,Yes,High
28672,Single,Male,70000,4,Graduate Degree,Professional,Yes,0,2-5 Miles,North America,35,Yes,High
11809,Married,Male,60000,2,Bachelors,Skilled Manual,Yes,0,0-1 Miles,North America,38,Yes,High
19664,Single,Male,100000,3,Bachelors,Management,No,3,1-2 Miles,North America,38,No,Very High
12121,Single,Male,60000,3,High School,Professional,Yes,2,10+ Miles,North America,53,Yes,High
